OrderID,OrderDate,CustomerID,Region,Category,Product,Quantity,UnitPrice,DiscountPercent,Sales,Cost,Profit,PaymentMethod,OrderStatus
ORD-10001,2025-12-02,CUST-1303,Central,Furniture,Cabinet,12,42939.47,0,515273.64,298965.42,216308.22,Digital Wallet,Returned
ORD-10002,2025-12-19,CUST-1205,North,Furniture,Cabinet,9,21141.34,0,190272.06,120064.2,70207.86,Card,Completed
ORD-10003,2025-06-08,CUST-1232,South,Electronics,Keyboard,11,81451.54,15,761571.9,727053.67,34518.23,Bank Transfer,Completed
ORD-10004,2025-10-31,CUST-1187,West,Furniture,Cabinet,3,75826.4,15,193357.32,180665.08,12692.24,Bank Transfer,Completed
ORD-10005,2025-12-24,CUST-1153,East,Furniture,Cabinet,9,35613.5,20,256417.2,180408.48,76008.72,Card,Returned
ORD-10006,2025-11-23,CUST-1040,East,Electronics,Keyboard,2,151207.17,0,302414.34,201556.69,100857.65,Card,Completed
ORD-10007,2025-01-05,CUST-1302,East,Electronics,Laptop,7,74641.82,20,417994.19,403193.06,14801.14,Bank Transfer,Completed
ORD-10008,2025-05-06,CUST-1181,South,Furniture,Desk,12,50215.51,15,512198.2,359707.32,152490.88,Digital Wallet,Returned
ORD-10009,2025-07-09,CUST-1013,East,Furniture,Shelf,9,45041.86,5,385107.9,220976.49,164131.41,Digital Wallet,Completed
ORD-10010,2025-08-19,CUST-1142,North,Electronics,Tablet,11,131401.4,5,1373144.63,1147875.79,225268.84,Card,Completed
ORD-10011,2025-10-27,CUST-1236,West,Electronics,Mouse,2,124799.02,0,249598.04,149555.89,100042.15,Card,Cancelled
ORD-10012,2025-08-19,CUST-1269,South,Electronics,Mouse,1,138723.6,0,138723.6,105139.3,33584.3,Card,Completed
ORD-10013,2025-01-27,CUST-1316,South,Books,History Book,2,3039.91,5,5775.83,3768.15,2007.67,Bank Transfer,Cancelled
ORD-10014,2025-12-16,CUST-1115,Central,Books,Novel,2,4891.63,20,7826.61,5673.1,2153.51,Bank Transfer,Cancelled
ORD-10015,2025-05-18,CUST-1305,North,Books,Novel,8,873.22,15,5937.9,5016.38,921.51,Digital Wallet,Returned
ORD-10016,2025-05-26,CUST-1184,South,Electronics,Laptop,5,116400.59,0,582002.95,374041.08,207961.87,Digital Wallet,Completed
ORD-10017,2025-01-03,CUST-1205,Central,Sports,Racket,11,11294.94,0,124244.34,99495.2,24749.14,Cash,Cancelled
ORD-10018,2025-01-29,CUST-1182,Central,Sports,Racket,8,22148.73,5,168330.35,125890.08,42440.27,Bank Transfer,Cancelled
ORD-10019,2025-08-27,CUST-1050,South,Books,Python Book,12,5418.43,0,65021.16,35626.85,29394.31,Bank Transfer,Completed
ORD-10020,2025-12-17,CUST-1195,West,Electronics,Laptop,11,145895.64,20,1283881.63,1063220.45,220661.18,Bank Transfer,Cancelled
ORD-10021,2025-12-06,CUST-1042,South,Furniture,Desk,6,68284.39,5,389221.02,333559.83,55661.19,Digital Wallet,Completed
ORD-10022,2025-11-04,CUST-1049,West,Electronics,Laptop,8,20574.25,20,131675.2,92629.19,39046.01,Digital Wallet,Completed
ORD-10023,2025-07-02,CUST-1304,West,Electronics,Keyboard,3,40344.7,0,121034.1,81386.99,39647.11,Cash,Completed
ORD-10024,2025-12-04,CUST-1344,,Books,Python Book,3,3674.18,20,8818.03,5894.99,2923.04,Card,Completed
ORD-10025,2025-04-04,CUST-1332,North,Sports,Gloves,11,10407.85,15,97313.4,74630.24,22683.16,Bank Transfer,Completed
ORD-10026,2025-12-24,CUST-1065,West,Books,Python Book,6,4993.22,5,28461.35,20655.48,7805.87,Cash,Completed
ORD-10027,2025-01-05,CUST-1141,East,Books,Python Book,8,3523.34,15,23958.71,16292.59,7666.12,Bank Transfer,Completed
ORD-10028,2025-12-30,CUST-1132,South,Books,Math Book,2,5325.79,5,10119.0,5663.55,4455.45,Card,Completed
ORD-10029,2025-09-09,CUST-1171,East,Clothing,Shirt,1,14294.01,20,11435.21,7721.58,3713.63,Card,Cancelled
ORD-10030,2025-06-04,CUST-1344,West,Books,Python Book,11,5467.33,10,54126.57,48452.12,5674.45,Digital Wallet,Completed
ORD-10031,2025-08-22,CUST-1260,West,Clothing,Cap,3,10494.22,5,29908.53,23819.85,6088.68,Bank Transfer,Completed
ORD-10032,2025-03-18,CUST-1015,North,Clothing,Jacket,12,1751.84,15,17868.77,11477.18,6391.58,Bank Transfer,Completed
ORD-10033,2025-01-05,CUST-1020,Central,Clothing,Jacket,1,8388.87,15,7130.54,6647.94,482.6,Card,Returned
ORD-10034,2025-11-30,CUST-1227,West,Electronics,Keyboard,5,157998.18,15,671492.26,523074.0,148418.26,Digital Wallet,Completed
ORD-10035,2025-10-08,CUST-1095,South,Books,Python Book,12,3575.37,15,36468.77,32859.96,3608.82,Cash,Completed
ORD-10036,2025-11-23,CUST-1006,South,Clothing,Jeans,7,5689.43,5,37834.71,25747.23,12087.48,Card,Completed
ORD-10037,2025-08-25,CUST-1197,North,Electronics,Keyboard,8,30888.26,0,247106.08,180619.46,66486.62,Cash,Returned
ORD-10038,2025-09-24,CUST-1137,South,Furniture,Chair,7,89962.36,5,598249.69,499263.82,98985.88,Digital Wallet,Completed
ORD-10039,2025-10-26,CUST-1011,Central,Sports,Racket,11,6283.35,0,69116.85,52227.55,16889.3,Digital Wallet,Cancelled
ORD-10040,2025-08-04,CUST-1211,North,Electronics,Monitor,2,37918.76,5,72045.64,46365.54,25680.11,Digital Wallet,Completed
ORD-10041,2025-10-06,CUST-1246,East,Sports,Gloves,10,10307.97,0,103079.7,65192.6,37887.1,Card,Completed
ORD-10042,2025-11-04,CUST-1021,West,Furniture,Shelf,5,41651.45,10,187431.52,110513.15,76918.37,Cash,Cancelled
ORD-10043,2025-01-15,CUST-1335,North,Electronics,Keyboard,10,24497.44,5,232725.68,130557.41,102168.27,Bank Transfer,Completed
ORD-10044,2025-06-12,CUST-1116,Central,Sports,Racket,3,23075.15,5,65764.18,40132.45,25631.73,Card,Completed
ORD-10045,2025-08-21,CUST-1145,South,Sports,Football,7,13330.8,5,88649.82,66889.26,21760.56,Card,Completed
ORD-10046,2025-05-14,CUST-1306,East,Sports,Racket,1,5573.7,5,5295.01,3480.62,1814.4,Bank Transfer,Returned
ORD-10047,2025-11-29,CUST-1099,Central,Electronics,Laptop,12,174683.77,20,1676964.19,1422867.5,254096.69,Bank Transfer,Completed
ORD-10048,2025-08-25,CUST-1143,East,Furniture,Cabinet,4,19455.26,5,73929.99,50068.14,23861.85,Digital Wallet,Completed
ORD-10049,2025-01-09,CUST-1024,Central,Furniture,Shelf,7,28548.97,15,169866.37,123238.55,46627.82,Cash,Completed
ORD-10050,2025-04-25,CUST-1182,West,Electronics,Keyboard,12,89187.38,0,1070248.56,706018.72,364229.84,Cash,Returned
ORD-10051,2025-07-27,CUST-1306,South,Books,Python Book,11,3435.03,5,35896.06,20556.29,15339.77,Card,Completed
ORD-10052,2025-07-22,CUST-1310,Central,Electronics,Monitor,6,41254.92,0,247529.52,170148.43,77381.09,Card,Completed
ORD-10053,2025-02-26,CUST-1289,East,Books,AI Book,10,2311.08,5,21955.26,13824.45,8130.81,Digital Wallet,Completed
ORD-10054,2025-08-28,CUST-1253,East,Clothing,Shoes,11,4985.99,0,54845.89,44966.55,9879.34,Bank Transfer,Completed
ORD-10055,2025-11-26,CUST-1118,East,Books,History Book,8,713.85,20,4568.64,4516.69,51.95,Cash,Completed
ORD-10056,2025-06-09,CUST-1292,South,Furniture,Sofa,6,52065.16,5,296771.41,245466.93,51304.48,Bank Transfer,Completed
ORD-10057,2025-09-08,CUST-1326,North,Electronics,Keyboard,7,174627.55,,1161273.21,834458.24,326814.96,Digital Wallet,Returned
ORD-10058,2025-07-03,CUST-1341,Central,Clothing,Shoes,5,5508.89,5,26167.23,20099.78,6067.45,Digital Wallet,Completed
ORD-10059,2025-04-18,CUST-1090,Central,Clothing,Shoes,6,,20,44962.22,30343.61,14618.61,Digital Wallet,Completed
ORD-10060,2025-03-27,CUST-1232,South,Books,Novel,4,5232.58,20,16744.26,13047.02,3697.24,Cash,Cancelled
ORD-10061,2025-03-23,CUST-1277,West,Furniture,Sofa,9,48128.16,15,368180.42,233355.41,134825.02,Bank Transfer,Returned
ORD-10062,2025-09-28,CUST-1059,Central,Sports,Gloves,11,,5,165635.22,132139.37,33495.85,Cash,Completed
ORD-10063,2025-05-26,CUST-1257,West,Furniture,Shelf,5,78310.95,20,313243.8,256662.27,56581.53,Bank Transfer,Completed
ORD-10064,2025-06-12,CUST-1058,Central,Books,History Book,3,5948.44,5,16953.05,14591.67,2361.39,Card,Completed
ORD-10065,2025-03-15,CUST-1092,North,Clothing,Jacket,5,4734.27,5,22487.78,12932.36,9555.43,Digital Wallet,Completed
ORD-10066,2025-02-15,CUST-1087,South,Sports,Helmet,4,,0,7555.68,4589.03,2966.65,Cash,Completed
ORD-10067,2025-10-28,CUST-1134,South,Sports,Football,10,7675.5,5,72917.25,44681.51,28235.74,Cash,Completed
ORD-10068,2025-10-14,CUST-1197,South,Clothing,Cap,5,9889.76,15,42031.48,33205.38,8826.1,Cash,Returned
ORD-10069,2025-06-16,CUST-1263,North,Furniture,Shelf,11,64643.69,5,675526.56,390747.48,284779.08,Digital Wallet,Completed
ORD-10070,2025-09-12,CUST-1020,North,Books,History Book,12,5733.37,20,55040.35,36292.42,18747.94,Digital Wallet,Completed
ORD-10071,2025-11-06,CUST-1160,West,Sports,Racket,3,6365.75,5,18142.39,13439.18,4703.21,Cash,Cancelled
ORD-10072,2025-07-14,CUST-1255,West,Books,AI Book,3,4680.35,5,13339.0,9465.02,3873.98,Card,Completed
ORD-10073,2025-05-15,CUST-1152,South,Furniture,Sofa,1,18861.14,10,16975.03,11557.95,5417.08,Bank Transfer,Completed
ORD-10074,2025-11-25,CUST-1314,South,Clothing,Shoes,2,2134.81,10,3842.66,3439.6,403.06,Card,Cancelled
ORD-10075,2025-08-02,CUST-1309,North,Furniture,Desk,2,,0,41499.16,26149.99,15349.17,Digital Wallet,Completed
ORD-10076,2025-05-02,CUST-1066,West,Sports,Bat,1,22695.0,20,18156.0,18177.42,-21.42,Digital Wallet,Completed
ORD-10077,2025-08-02,CUST-1267,West,Furniture,Cabinet,11,61487.05,0,676357.55,451387.5,224970.05,Card,Completed
ORD-10078,2025-12-15,CUST-1264,East,Sports,Bat,9,7477.58,0,67298.22,48813.36,18484.86,Digital Wallet,Completed
ORD-10079,2025-05-24,CUST-1007,East,Electronics,Laptop,1,141131.77,0,141131.77,104587.94,36543.83,Card,Completed
ORD-10080,2025-02-02,CUST-1337,South,Clothing,Shoes,7,8891.62,0,62241.34,38849.15,23392.19,Cash,Returned
ORD-10081,2025-12-16,CUST-1342,North,Clothing,Shoes,2,892.34,5,1695.45,965.65,729.8,Bank Transfer,Cancelled
ORD-10082,2025-11-18,CUST-1261,North,Sports,Gloves,6,19426.32,10,104902.13,84315.16,20586.96,Digital Wallet,Completed
ORD-10083,2025-02-06,CUST-1333,South,Electronics,Laptop,2,27349.99,15,46494.98,28724.34,17770.65,Cash,Returned
ORD-10084,2025-10-02,CUST-1020,North,Furniture,Chair,4,82465.74,5,313369.81,239836.32,73533.49,Card,Returned
ORD-10085,2025-07-14,CUST-1244,North,Sports,Football,11,7345.75,20,64642.6,57807.32,6835.28,Digital Wallet,Completed
ORD-10086,2025-05-18,CUST-1151,North,Furniture,Shelf,8,14408.69,0,115269.52,62643.35,52626.17,Digital Wallet,Cancelled
ORD-10087,2025-04-28,CUST-1014,Central,Furniture,Desk,6,87807.64,10,474161.26,381754.87,92406.38,Card,Completed
ORD-10088,2025-09-08,CUST-1120,East,Books,Math Book,8,4228.5,20,27062.4,25809.87,1252.53,Digital Wallet,Completed
ORD-10089,2025-02-03,CUST-1013,East,Electronics,Mouse,5,128953.91,0,644769.55,424576.42,220193.13,Digital Wallet,Completed
ORD-10090,2025-03-22,CUST-1049,West,Furniture,Desk,6,4463.01,10,24100.25,19460.16,4640.1,Bank Transfer,Completed
ORD-10091,2025-08-06,CUST-1318,North,Books,Python Book,4,676.18,5,2569.48,2003.85,565.64,Cash,Cancelled
ORD-10092,2025-07-27,CUST-1216,East,Furniture,Desk,6,7536.76,0,45220.56,33967.9,11252.66,Bank Transfer,Completed
ORD-10093,2025-05-24,CUST-1219,Central,Books,History Book,3,2098.56,5,5980.9,3592.36,2388.53,Digital Wallet,Completed
ORD-10094,2025-05-17,CUST-1026,North,Clothing,Shirt,1,12044.15,10,10839.74,7518.26,3321.48,Cash,Completed
ORD-10095,2025-05-09,CUST-1132,South,Sports,Helmet,6,14022.54,10,75721.72,45193.86,30527.85,Card,Completed
ORD-10096,2025-06-18,CUST-1256,North,Electronics,Mouse,9,27481.47,5,234966.57,154363.49,80603.08,Digital Wallet,Returned
ORD-10097,2025-02-04,CUST-1147,South,Sports,Bat,6,13672.82,10,73833.23,50225.65,23607.58,Digital Wallet,Completed
ORD-10098,2025-10-18,CUST-1084,Central,Clothing,Shoes,2,13552.19,10,24393.94,19687.09,4706.85,Card,Cancelled
ORD-10099,2025-06-21,CUST-1190,West,Furniture,Cabinet,1,45543.35,0,45543.35,34348.41,11194.94,Cash,Cancelled
ORD-10100,2025-08-13,CUST-1175,West,Furniture,Sofa,5,20908.31,15,88860.32,76640.46,12219.86,Card,Completed
ORD-10101,2025-12-18,CUST-1201,South,Clothing,Jacket,10,3209.08,5,30486.26,23287.52,7198.74,Cash,Completed
ORD-10102,2025-05-30,CUST-1006,West,Books,History Book,3,5753.42,0,17260.26,11038.5,6221.76,Bank Transfer,Completed
ORD-10103,2025-12-19,CUST-1318,West,Clothing,Cap,2,7482.62,0,14965.24,10802.67,4162.57,Card,Cancelled
ORD-10104,2025-04-30,CUST-1330,West,Furniture,Sofa,2,45927.21,5,87261.7,61218.0,26043.7,Card,Returned
ORD-10105,2025-01-25,CUST-1049,East,Books,Novel,1,5387.26,10,4848.53,4181.45,667.08,Cash,Cancelled
ORD-10106,2025-08-20,CUST-1077,Central,Furniture,Chair,10,55903.64,15,475180.94,426831.54,48349.4,Digital Wallet,Completed
ORD-10107,2025-08-20,CUST-1013,North,Furniture,Desk,10,87827.52,5,834361.44,689102.03,145259.41,Cash,Completed
ORD-10108,2025-11-01,CUST-1169,East,Books,History Book,11,2933.59,5,30656.02,24752.9,5903.12,Card,Cancelled
ORD-10109,2025-04-01,CUST-1092,East,Furniture,Sofa,2,52464.14,0,104928.28,67319.52,37608.76,Card,Cancelled
ORD-10110,2025-01-06,CUST-1199,North,Furniture,Cabinet,2,42425.42,5,80608.3,48843.15,31765.15,Digital Wallet,Completed
ORD-10111,2025-02-24,CUST-1287,North,Furniture,Chair,2,25452.25,5,48359.27,33728.42,14630.86,Cash,Cancelled
ORD-10112,2025-12-31,CUST-1157,North,Furniture,Cabinet,4,52757.92,0,211031.68,146894.9,64136.78,Digital Wallet,Completed
ORD-10113,2025-02-07,CUST-1308,North,Sports,Football,4,7962.05,0,31848.2,19516.16,12332.04,Card,Completed
ORD-10114,2025-10-28,CUST-1082,North,Electronics,Laptop,4,175297.27,5,666129.63,527064.89,139064.74,Card,Completed
ORD-10115,2025-06-25,CUST-1140,West,Electronics,Tablet,7,134164.98,10,845239.37,748602.95,96636.43,Digital Wallet,Completed
ORD-10116,2025-03-20,CUST-1257,North,Books,AI Book,9,4517.84,0,40660.56,28933.75,11726.81,Card,Completed
ORD-10117,2025-02-14,CUST-1276,West,Books,Math Book,8,5781.81,5,43941.76,26631.97,17309.79,Cash,Completed
ORD-10118,2025-05-19,CUST-1329,South,Furniture,Sofa,6,10273.38,0,61640.28,44002.51,17637.77,Cash,Completed
ORD-10119,2025-05-31,CUST-1087,North,Furniture,Sofa,4,13938.22,0,55752.88,31727.44,24025.44,Digital Wallet,Cancelled
ORD-10120,2025-01-23,CUST-1002,North,Books,Novel,11,5497.91,15,51405.46,34901.13,16504.33,Digital Wallet,Completed
ORD-10121,2025-04-22,CUST-1043,East,Books,Novel,8,4717.29,15,32077.57,21477.63,10599.94,Card,Completed
ORD-10122,2025-04-26,CUST-1190,North,Electronics,Mouse,1,77336.32,15,65735.87,52408.08,13327.79,Digital Wallet,Completed
ORD-10123,2025-07-21,CUST-1120,South,Clothing,Shirt,12,2265.83,0,27189.96,18312.32,8877.64,Digital Wallet,Completed
ORD-10124,2025-05-29,CUST-1113,East,Books,Novel,9,3811.42,0,34302.78,27852.12,6450.66,Card,Completed
ORD-10125,2025-11-04,CUST-1139,Central,Sports,Bat,8,6560.32,5,49858.43,37444.02,12414.41,Digital Wallet,Completed
ORD-10126,2025-12-30,CUST-1040,West,Electronics,Keyboard,8,67969.76,20,435006.46,412201.5,22804.96,Card,Returned
ORD-10127,2025-11-27,CUST-1172,South,Books,Python Book,10,1488.4,10,13395.6,9130.13,4265.47,Bank Transfer,Cancelled
ORD-10128,2025-10-22,CUST-1269,North,Clothing,Shirt,9,,15,111069.43,80047.9,31021.53,Bank Transfer,Completed
ORD-10129,2025-02-22,CUST-1284,Central,Clothing,Shirt,3,14842.55,0,44527.65,29646.08,14881.57,Digital Wallet,Completed
ORD-10130,2025-06-05,CUST-1203,North,Sports,Bat,12,18998.18,10,205180.34,159262.55,45917.79,Card,Completed
ORD-10131,2025-05-02,CUST-1220,Central,Books,Python Book,11,898.54,10,8895.55,7287.59,1607.96,Card,Cancelled
ORD-10132,2025-11-28,CUST-1001,Central,Clothing,Cap,5,4935.89,5,23445.48,14922.7,8522.78,Bank Transfer,Completed
ORD-10133,2025-05-23,CUST-1016,West,Furniture,Cabinet,2,21448.56,10,38607.41,33316.75,5290.66,Cash,Cancelled
ORD-10134,2025-01-19,CUST-1335,East,Electronics,Tablet,2,98786.83,0,197573.66,160619.34,36954.32,Digital Wallet,Completed
ORD-10135,2025-02-21,CUST-1038,West,Sports,Bat,6,12454.83,20,59783.18,48590.12,11193.07,Card,Completed
ORD-10136,2025-08-28,CUST-1247,South,Clothing,Shirt,7,13853.04,10,87274.15,75250.6,12023.56,Card,Completed
ORD-10137,2025-10-20,CUST-1147,Central,Electronics,Keyboard,5,138625.98,5,658473.41,542094.98,116378.42,Cash,Completed
ORD-10138,2025-04-17,CUST-1067,South,Furniture,Chair,5,64272.21,0,321361.05,228057.07,93303.98,Card,Returned
ORD-10139,2025-08-26,CUST-1062,Central,Furniture,Cabinet,10,86520.65,5,821946.17,524420.11,297526.06,Card,Completed
ORD-10140,2025-01-23,CUST-1091,Central,Books,History Book,7,3346.17,20,18738.55,14171.87,4566.69,Card,Returned
ORD-10141,2025-08-03,CUST-1045,South,Electronics,Laptop,2,108108.38,0,216216.76,158297.33,57919.43,Card,Completed
ORD-10142,2025-12-03,CUST-1102,West,Clothing,Shoes,11,4172.2,10,41304.78,27062.03,14242.75,Cash,Returned
ORD-10143,2025-10-07,CUST-1078,South,Clothing,Shirt,8,9134.05,15,62111.54,46635.78,15475.76,Card,Completed
ORD-10144,2025-06-30,CUST-1252,Central,Clothing,Cap,6,7458.98,15,38040.8,34317.38,3723.42,Cash,Completed
ORD-10145,2025-03-29,CUST-1332,Central,Electronics,Laptop,1,107670.17,20,86136.14,58963.17,27172.97,Cash,Cancelled
ORD-10146,2025-08-27,CUST-1202,East,Books,AI Book,4,1930.24,0,7720.96,5239.67,2481.29,Card,Returned
ORD-10147,2025-02-11,CUST-1209,West,Clothing,Cap,8,6906.68,0,55253.44,42483.18,12770.26,Digital Wallet,Returned
ORD-10148,2025-05-05,CUST-1061,West,Electronics,Tablet,3,42790.34,0,128371.02,71227.43,57143.59,Card,Completed
ORD-10149,2025-08-19,CUST-1182,North,Clothing,Jacket,4,2137.2,5,8121.36,4706.6,3414.76,Card,Cancelled
ORD-10150,2025-03-10,CUST-1318,Central,Clothing,Shirt,3,1828.35,20,4388.04,3610.93,777.11,Card,Completed
ORD-10151,2025-02-16,CUST-1292,North,Electronics,Monitor,1,174400.11,10,156960.1,142765.82,14194.28,Card,Completed
ORD-10152,2025-12-01,CUST-1100,South,Sports,Racket,12,7422.17,10,80159.44,54625.75,25533.69,Card,Returned
ORD-10153,2025-11-02,CUST-1226,West,Sports,Bat,12,7470.35,0,89644.2,54885.27,34758.93,Card,Returned
ORD-10154,2025-12-22,CUST-1264,South,Furniture,Cabinet,4,79007.51,15,268625.53,206841.98,61783.55,Digital Wallet,Cancelled
ORD-10155,2025-03-17,CUST-1272,Central,Electronics,Laptop,12,69114.8,5,787908.72,593299.06,194609.66,Cash,Completed
ORD-10156,2025-06-08,CUST-1237,East,Clothing,Shirt,9,2753.36,5,23541.23,14284.86,9256.37,Bank Transfer,Completed
ORD-10157,2025-10-01,CUST-1230,North,Books,Python Book,1,4200.3,0,4200.3,2208.09,1992.21,Cash,Completed
ORD-10158,2025-09-20,CUST-1034,Central,Clothing,Jacket,12,8103.52,20,77793.79,77705.48,88.31,Cash,Cancelled
ORD-10159,2025-04-10,CUST-1243,South,Books,History Book,3,4008.19,0,12024.57,8358.94,3665.63,Digital Wallet,Returned
ORD-10160,2025-05-30,CUST-1211,East,Sports,Football,8,4778.14,0,38225.12,27201.73,11023.39,Card,Completed
ORD-10161,2025-12-30,CUST-1244,East,Books,Python Book,12,5613.41,15,57256.78,51168.26,6088.52,Bank Transfer,Completed
ORD-10162,2025-04-28,CUST-1017,North,Electronics,Tablet,11,142839.13,15,1335545.87,826546.25,508999.61,Card,Cancelled
ORD-10163,2025-10-19,CUST-1329,South,Clothing,Jacket,8,10979.71,0,87837.68,51714.52,36123.16,Bank Transfer,Completed
ORD-10164,2025-07-19,CUST-1283,West,Furniture,Shelf,5,62593.35,10,281670.08,234972.16,46697.92,Bank Transfer,Returned
ORD-10165,2025-01-15,CUST-1059,Central,Books,Math Book,2,5722.74,5,10873.21,7788.34,3084.86,Digital Wallet,Cancelled
ORD-10166,2025-01-12,CUST-1201,Central,Clothing,Jacket,12,8956.03,15,91351.51,72668.63,18682.88,Cash,Completed
ORD-10167,2025-12-31,CUST-1334,South,Electronics,Monitor,4,,10,356539.21,318909.8,37629.42,Card,Cancelled
ORD-10168,2025-11-19,CUST-1302,East,Books,History Book,4,1889.19,5,7178.92,4482.57,2696.35,Card,Completed
ORD-10169,2025-05-01,CUST-1244,West,Books,Novel,6,5378.72,15,27431.47,17683.53,9747.94,Bank Transfer,Completed
ORD-10170,2025-10-20,CUST-1226,West,Clothing,Cap,3,4005.4,5,11415.39,9431.03,1984.36,Digital Wallet,Returned
ORD-10171,2025-11-14,CUST-1111,East,Electronics,Tablet,9,162137.79,5,1386278.1,979065.1,407213.0,Bank Transfer,Completed
ORD-10172,2025-12-12,CUST-1025,Central,Books,AI Book,2,4071.32,15,6921.24,5103.68,1817.56,Bank Transfer,Completed
ORD-10173,2025-04-25,CUST-1105,West,Books,History Book,9,5198.2,10,42105.42,35611.24,6494.18,Digital Wallet,Completed
ORD-10174,2025-12-02,CUST-1141,Central,Electronics,Tablet,12,23470.34,5,267561.88,214782.62,52779.26,Cash,Completed
ORD-10175,2025-02-15,CUST-1181,West,Electronics,Keyboard,4,120819.75,15,410787.15,328889.56,81897.59,Bank Transfer,Completed
ORD-10176,2025-02-05,CUST-1058,North,Furniture,Desk,2,79068.46,5,150230.07,97377.71,52852.36,Bank Transfer,Completed
ORD-10177,2025-01-24,CUST-1133,South,Books,History Book,12,3753.53,15,38286.01,24724.12,13561.89,Cash,Returned
ORD-10178,2025-03-23,CUST-1278,West,Sports,Bat,4,6706.59,0,26826.36,14352.8,12473.56,Cash,Completed
ORD-10179,2025-01-27,CUST-1132,West,Clothing,Jeans,3,12243.31,20,29383.94,28357.01,1026.93,Digital Wallet,Completed
ORD-10180,2025-08-13,CUST-1175,West,Clothing,Shoes,4,5812.42,20,18599.74,16095.01,2504.74,Cash,Completed
ORD-10181,2025-11-24,CUST-1199,Central,Electronics,Keyboard,2,40321.23,5,76610.34,63794.53,12815.81,Digital Wallet,Completed
ORD-10182,2025-01-24,CUST-1018,West,Books,AI Book,2,4550.21,0,9100.42,5635.39,3465.03,Bank Transfer,Completed
ORD-10183,2025-02-19,CUST-1255,West,Sports,Football,2,12883.33,10,23189.99,20294.1,2895.89,Bank Transfer,Cancelled
ORD-10184,2025-03-21,CUST-1322,Central,Clothing,Jacket,12,6327.79,0,75933.48,51053.6,24879.88,Bank Transfer,Returned
ORD-10185,2025-11-25,CUST-1144,North,Books,Math Book,10,819.98,5,7789.81,6423.2,1366.61,Card,Returned
ORD-10186,2025-11-24,CUST-1044,South,Books,AI Book,2,621.86,15,1057.16,775.14,282.02,Digital Wallet,Completed
ORD-10187,2025-07-16,CUST-1325,Central,Books,Math Book,3,4218.69,0,12656.07,6990.5,5665.57,Bank Transfer,Completed
ORD-10188,2025-10-15,CUST-1151,Central,Sports,Gloves,6,12734.93,5,72589.1,41887.5,30701.61,Card,Completed
ORD-10189,2025-11-11,CUST-1105,Central,Electronics,Monitor,10,98494.14,15,837200.19,721961.53,115238.66,Card,Cancelled
ORD-10190,2025-03-17,CUST-1045,Central,Books,Math Book,1,5194.74,20,4155.79,3622.5,533.29,Digital Wallet,Completed
ORD-10191,2025-04-22,CUST-1027,South,Electronics,Monitor,8,68303.61,5,519107.44,399573.7,119533.74,Digital Wallet,Completed
ORD-10192,2025-11-27,CUST-1236,Central,Clothing,Jacket,6,14495.56,10,78276.02,62462.7,15813.32,Card,Completed
ORD-10193,2025-06-25,CUST-1116,,Books,Math Book,4,5864.93,0,23459.72,17253.61,6206.11,Bank Transfer,Returned
ORD-10194,2025-03-17,CUST-1073,,Clothing,Shirt,10,13904.77,0,139047.7,96513.8,42533.9,Bank Transfer,Completed
ORD-10195,2025-04-02,CUST-1048,West,Sports,Racket,7,13022.64,15,77484.71,70784.52,6700.18,Cash,Completed
ORD-10196,2025-01-22,CUST-1203,East,Furniture,Desk,10,25681.58,5,243975.01,192746.51,51228.5,Cash,Completed
ORD-10197,2025-09-23,CUST-1331,West,Books,Python Book,12,1920.47,20,18436.51,12079.24,6357.27,Bank Transfer,Returned
ORD-10198,2025-06-15,CUST-1016,South,Clothing,Jacket,11,8176.35,15,76448.87,49006.43,27442.44,Cash,Completed
ORD-10199,2025-03-03,CUST-1211,North,Electronics,Laptop,2,174265.41,5,331104.28,269639.7,61464.58,Digital Wallet,Completed
ORD-10200,2025-09-26,CUST-1128,North,Electronics,Keyboard,1,117063.21,5,111210.05,74281.3,36928.75,Card,Returned
ORD-10201,2025-02-13,CUST-1344,South,Electronics,Monitor,5,165040.55,5,783942.61,546811.72,237130.89,Bank Transfer,Cancelled
ORD-10202,2025-05-28,CUST-1338,Central,Clothing,Shirt,10,9028.17,15,76739.44,66215.98,10523.47,Card,Completed
ORD-10203,2025-02-28,CUST-1086,Central,Clothing,Cap,10,14870.08,0,148700.8,103910.54,44790.26,Bank Transfer,Completed
ORD-10204,2025-10-22,CUST-1070,West,Clothing,Jeans,1,12068.87,5,11465.43,8394.32,3071.11,Bank Transfer,Completed
ORD-10205,2025-03-19,CUST-1172,North,Furniture,Sofa,7,79199.77,5,526678.47,312656.13,214022.34,Digital Wallet,Returned
ORD-10206,2025-07-07,CUST-1162,South,Clothing,Jacket,4,3499.88,5,13299.54,9655.6,3643.94,Digital Wallet,Completed
ORD-10207,2025-02-08,CUST-1244,Central,Books,History Book,3,2879.43,0,8638.29,6610.39,2027.9,Cash,Cancelled
ORD-10208,2025-02-26,CUST-1215,North,Electronics,Laptop,10,116096.53,0,1160965.3,844061.37,316903.93,Digital Wallet,Completed
ORD-10209,2025-09-10,CUST-1069,East,Sports,Bat,8,20449.33,5,155414.91,97166.39,58248.52,Cash,Completed
ORD-10210,2025-07-22,CUST-1259,North,Clothing,Shirt,9,5458.59,10,44214.58,31600.94,12613.64,Bank Transfer,Completed
ORD-10211,2025-01-23,CUST-1326,South,Furniture,Cabinet,8,36234.63,15,246395.48,157989.88,88405.6,Digital Wallet,Cancelled
ORD-10212,2025-01-04,CUST-1120,West,Electronics,Mouse,4,6466.12,0,25864.48,20193.27,5671.21,Cash,Completed
ORD-10213,2025-08-02,CUST-1309,South,Electronics,Tablet,9,116238.92,15,889227.74,618252.03,270975.7,Cash,Completed
ORD-10214,2025-11-23,CUST-1346,South,Electronics,Monitor,5,129803.7,15,551665.72,417203.72,134462.0,Card,Completed
ORD-10215,2025-01-09,CUST-1075,Central,Sports,Helmet,2,10659.2,20,17054.72,15241.6,1813.12,Digital Wallet,Completed
ORD-10216,2025-03-04,CUST-1285,Central,Books,History Book,12,3460.64,5,39451.3,21759.61,17691.69,Cash,Returned
ORD-10217,2025-08-14,CUST-1039,North,Books,AI Book,12,3609.05,15,36812.31,31409.26,5403.05,Digital Wallet,Completed
ORD-10218,2025-11-06,CUST-1243,West,Books,AI Book,1,2981.32,20,2385.06,1621.48,763.57,Bank Transfer,Completed
ORD-10219,2025-01-13,CUST-1238,West,Furniture,Shelf,11,54991.4,20,483924.32,375784.41,108139.91,Cash,Completed
ORD-10220,2025-08-02,CUST-1259,East,Sports,Gloves,9,23831.38,5,203758.3,129253.36,74504.94,Card,Completed
ORD-10221,2025-10-09,CUST-1267,West,Sports,Football,8,8755.02,20,56032.13,51300.72,4731.41,Card,Completed
ORD-10222,2025-02-18,CUST-1169,East,Electronics,Mouse,6,91387.56,5,520909.09,379627.72,141281.38,Bank Transfer,Returned
ORD-10223,2025-11-17,CUST-1060,East,Clothing,Shirt,6,10236.36,5,58347.25,41778.2,16569.05,Bank Transfer,Cancelled
ORD-10224,2025-08-17,CUST-1129,Central,Furniture,Sofa,10,75643.93,20,605151.44,444360.96,160790.48,Digital Wallet,Completed
ORD-10225,2025-05-20,CUST-1299,Central,Sports,Bat,11,14114.35,0,155257.85,108110.84,47147.01,Cash,Completed
ORD-10226,2025-10-23,CUST-1023,North,Clothing,Cap,1,1002.65,10,902.38,585.14,317.24,Bank Transfer,Completed
ORD-10227,2025-05-16,CUST-1112,West,Sports,Football,7,17805.86,5,118408.97,67980.15,50428.82,Cash,Completed
ORD-10228,2025-10-19,CUST-1105,West,Sports,Bat,11,12761.71,10,126340.93,77365.22,48975.71,Cash,Completed
ORD-10229,2025-01-06,CUST-1085,East,Electronics,Monitor,1,130893.2,15,111259.22,96656.19,14603.03,Bank Transfer,Returned
ORD-10230,2025-01-05,CUST-1188,North,Sports,Gloves,2,2356.51,10,4241.72,2785.34,1456.38,Cash,Completed
ORD-10231,2025-02-17,CUST-1279,North,Books,Novel,6,5033.03,20,24158.54,21384.45,2774.1,Bank Transfer,Completed
ORD-10232,2025-08-14,CUST-1245,,Furniture,Shelf,4,44145.61,15,150095.07,125020.56,25074.51,Cash,Completed
ORD-10233,2025-06-30,CUST-1283,West,Clothing,Cap,11,12955.79,5,135388.01,81022.62,54365.38,Cash,Completed
ORD-10234,2025-03-11,CUST-1208,Central,Sports,Racket,3,18411.01,5,52471.38,43907.53,8563.85,Digital Wallet,Returned
ORD-10235,2025-05-28,CUST-1047,West,Sports,Gloves,4,1540.45,10,5545.62,3760.18,1785.44,Bank Transfer,Completed
ORD-10236,2025-07-21,CUST-1217,Central,Clothing,Jacket,7,5508.39,10,34702.86,27587.76,7115.1,Card,Cancelled
ORD-10237,2025-03-19,CUST-1163,Central,Books,AI Book,7,1233.15,15,7337.24,5966.05,1371.19,Card,Completed
ORD-10238,2025-02-22,CUST-1273,East,Books,Python Book,6,5994.91,5,34170.99,23594.08,10576.91,Card,Completed
ORD-10239,2025-12-17,CUST-1115,North,Books,History Book,6,5201.25,5,29647.12,17400.9,12246.22,Cash,Returned
ORD-10240,2025-08-28,CUST-1027,Central,Sports,Gloves,12,15302.19,15,156082.34,117969.21,38113.13,Cash,Completed
ORD-10241,2025-03-09,CUST-1335,South,Sports,Helmet,12,2119.52,15,21619.1,18938.0,2681.11,Bank Transfer,Completed
ORD-10242,2025-03-27,CUST-1018,Central,Clothing,Shoes,4,8448.03,5,32102.51,22589.53,9512.98,Card,Completed
ORD-10243,2025-08-11,CUST-1317,East,Clothing,Jacket,9,5584.25,5,47745.34,26380.41,21364.93,Digital Wallet,Completed
ORD-10244,2025-10-22,CUST-1333,North,Electronics,Laptop,5,71692.15,0,358460.75,186783.18,171677.57,Bank Transfer,Returned
ORD-10245,2025-08-02,CUST-1043,East,Sports,Helmet,1,1701.05,5,1616.0,1242.41,373.59,Card,Completed
ORD-10246,2025-07-17,CUST-1291,Central,Sports,Gloves,8,2712.44,15,18444.59,16428.31,2016.28,Card,Completed
ORD-10247,2025-09-30,CUST-1279,Central,Electronics,Keyboard,6,51443.19,20,246927.31,249124.02,-2196.71,Cash,Completed
ORD-10248,2025-06-28,CUST-1177,West,Sports,Racket,11,19050.43,10,188599.26,126963.43,61635.82,Digital Wallet,Completed
ORD-10249,2025-01-10,CUST-1343,North,Clothing,Shoes,4,8765.94,0,35063.76,18937.18,16126.58,Bank Transfer,Completed
ORD-10250,2025-01-01,CUST-1160,West,Clothing,Jacket,8,13549.14,20,86714.5,69190.05,17524.45,Card,Completed
ORD-10251,2025-11-27,CUST-1009,Central,Electronics,Laptop,8,177522.44,5,1349170.54,805060.76,544109.79,Digital Wallet,Returned
ORD-10252,2025-04-06,CUST-1340,North,Furniture,Shelf,10,23564.93,0,235649.3,180713.23,54936.07,Bank Transfer,Cancelled
ORD-10253,2025-11-21,CUST-1034,North,Furniture,Cabinet,9,60657.18,10,491323.16,352071.97,139251.19,Digital Wallet,Returned
ORD-10254,2025-08-02,CUST-1144,East,Electronics,Mouse,10,76146.86,5,723395.17,544798.23,178596.94,Bank Transfer,Returned
ORD-10255,2025-09-07,CUST-1256,Central,Electronics,Tablet,9,121111.29,5,1035501.53,779924.25,255577.28,Card,Completed
ORD-10256,2025-09-23,CUST-1011,South,Books,Novel,6,5994.29,5,34167.45,22393.54,11773.91,Card,Completed
ORD-10257,2025-10-09,CUST-1117,West,Clothing,Cap,1,10546.04,0,10546.04,6647.24,3898.8,Card,Cancelled
ORD-10258,2025-03-17,CUST-1262,South,Electronics,Monitor,12,26028.65,0,312343.8,166929.17,145414.63,Bank Transfer,Returned
ORD-10259,2025-03-22,CUST-1118,West,Sports,Helmet,10,20611.39,0,206113.9,152818.74,53295.16,Digital Wallet,Completed
ORD-10260,2025-07-05,CUST-1342,Central,Clothing,Jeans,2,13650.11,10,24570.2,15409.54,9160.65,Card,Completed
ORD-10261,2025-09-17,CUST-1002,North,Clothing,Jeans,12,11889.65,10,128408.22,97239.13,31169.09,Card,Completed
ORD-10262,2025-01-01,CUST-1144,West,Furniture,Chair,1,5410.31,0,5410.31,3414.57,1995.74,Card,Completed
ORD-10263,2025-01-11,CUST-1241,Central,Books,History Book,6,2544.66,10,13741.16,11281.48,2459.68,Cash,Completed
ORD-10264,2025-12-13,CUST-1059,Central,Furniture,Cabinet,8,71035.13,5,539866.99,353461.2,186405.79,Bank Transfer,Completed
ORD-10265,2025-01-25,CUST-1025,West,Sports,Bat,9,5315.73,5,45449.49,36663.44,8786.06,Digital Wallet,Completed
ORD-10266,2025-07-13,CUST-1149,South,Books,Math Book,7,5450.94,5,36248.75,25379.94,10868.81,Card,Completed
ORD-10267,2025-07-24,CUST-1155,South,Clothing,Shirt,12,9262.65,20,88921.44,80816.94,8104.5,Digital Wallet,Completed
ORD-10268,2025-04-19,CUST-1051,South,Electronics,Tablet,6,34117.94,5,194472.26,120882.9,73589.35,Bank Transfer,Completed
ORD-10269,2025-01-01,CUST-1155,East,Sports,Helmet,1,10427.15,5,9905.79,5577.9,4327.9,Bank Transfer,Completed
ORD-10270,2025-03-01,CUST-1220,South,Electronics,Mouse,9,160336.43,5,1370876.48,946273.81,424602.66,Card,Completed
ORD-10271,2025-08-29,CUST-1205,South,Books,Novel,10,1401.23,5,13311.68,10324.83,2986.85,Bank Transfer,Cancelled
ORD-10272,2025-10-11,CUST-1130,West,Clothing,Cap,3,12568.3,15,32049.16,26285.38,5763.78,Card,Returned
ORD-10273,2025-05-06,CUST-1188,South,Clothing,Jeans,7,4379.52,15,26058.14,24720.11,1338.04,Digital Wallet,Returned
ORD-10274,2025-01-28,CUST-1312,North,Electronics,Keyboard,4,168743.43,15,573727.66,490178.7,83548.96,Card,Returned
ORD-10275,2025-02-28,CUST-1285,Central,Furniture,Desk,12,51078.87,0,612946.44,368744.19,244202.25,Cash,Completed
ORD-10276,2025-04-15,CUST-1036,West,Furniture,Desk,6,58704.99,0,352229.94,277113.76,75116.18,Bank Transfer,Completed
ORD-10277,2025-11-03,CUST-1225,South,Books,Python Book,9,2570.08,10,20817.65,18358.91,2458.74,Cash,Completed
ORD-10278,2025-07-29,CUST-1039,Central,Electronics,Tablet,9,134598.4,20,969108.48,944916.52,24191.96,Cash,Cancelled
ORD-10279,2025-01-11,CUST-1105,West,Sports,Football,8,1399.1,15,9513.88,8307.77,1206.11,Cash,Completed
ORD-10280,2025-10-30,CUST-1325,South,Sports,Gloves,6,16124.78,0,96748.68,66358.27,30390.41,Card,Completed
ORD-10281,2025-05-22,CUST-1316,Central,Sports,Racket,4,12011.75,5,45644.65,30059.86,15584.79,Card,Returned
ORD-10282,2025-07-01,CUST-1316,Central,Electronics,Monitor,11,62452.95,0,686982.45,503265.22,183717.23,Bank Transfer,Returned
ORD-10283,2025-10-22,CUST-1310,East,Books,Math Book,9,3083.21,0,27748.89,15088.98,12659.91,Digital Wallet,Completed
ORD-10284,2025-05-03,CUST-1045,North,Furniture,Sofa,1,76419.95,10,68777.96,61771.02,7006.93,Card,Cancelled
ORD-10285,2025-10-26,CUST-1218,West,Clothing,Jacket,8,5307.82,15,36093.18,32680.92,3412.26,Cash,Cancelled
ORD-10286,2025-08-15,CUST-1310,West,Sports,Football,7,12927.57,5,85968.34,50206.34,35762.0,Cash,Completed
ORD-10287,2025-09-25,CUST-1225,North,Sports,Gloves,4,16965.26,5,64467.99,54680.11,9787.88,Bank Transfer,Completed
ORD-10288,2025-09-12,CUST-1020,Central,Books,Python Book,5,4530.73,0,22653.65,17833.58,4820.07,Cash,Completed
ORD-10289,2025-02-08,CUST-1177,North,Clothing,Jeans,7,7548.47,10,47555.36,33147.28,14408.08,Bank Transfer,Completed
ORD-10290,2025-02-23,CUST-1008,East,Electronics,Tablet,2,118430.18,5,225017.34,134506.78,90510.56,Cash,Cancelled
ORD-10291,2025-07-16,CUST-1231,East,Furniture,Cabinet,6,17541.2,15,89460.12,68505.37,20954.75,Card,Completed
ORD-10292,2025-03-22,CUST-1309,North,Books,Math Book,12,2077.09,0,24925.08,13012.81,11912.27,Cash,Cancelled
ORD-10293,2025-12-19,CUST-1011,Central,Books,Python Book,2,3964.57,0,7929.14,5413.46,2515.68,Card,Completed
ORD-10294,2025-02-16,CUST-1273,West,Sports,Bat,11,9256.29,5,96728.23,79214.19,17514.04,Bank Transfer,Completed
ORD-10295,2025-01-04,CUST-1333,South,Sports,Racket,11,13718.47,20,120722.54,100605.41,20117.13,Card,Completed
ORD-10296,2025-07-02,CUST-1178,South,Sports,Helmet,10,21623.94,20,172991.52,157572.52,15419.0,Digital Wallet,Completed
ORD-10297,2025-02-15,CUST-1169,East,Sports,Helmet,3,11360.64,0,34081.92,22111.13,11970.79,Cash,Completed
ORD-10298,2025-08-21,CUST-1221,South,Furniture,Shelf,2,7745.53,5,14716.51,8732.23,5984.28,Digital Wallet,Completed
ORD-10299,2025-03-29,CUST-1249,East,Electronics,Tablet,1,7704.73,20,6163.78,4497.69,1666.09,Cash,Cancelled
ORD-10300,2025-10-08,CUST-1249,East,Furniture,Sofa,7,81228.82,0,568601.74,388397.67,180204.07,Card,Completed
ORD-10301,2025-05-01,CUST-1047,North,Electronics,Keyboard,9,85145.5,20,613047.6,568473.24,44574.36,Digital Wallet,Completed
ORD-10302,2025-07-27,CUST-1204,North,Books,Math Book,7,3301.67,0,23111.69,12638.33,10473.36,Cash,Cancelled
ORD-10303,2025-11-11,CUST-1004,South,Furniture,Cabinet,10,37658.98,20,301271.84,275731.0,25540.84,Cash,Cancelled
ORD-10304,2025-06-24,CUST-1098,Central,Furniture,Chair,7,63247.25,0,442730.75,320106.51,122624.24,Digital Wallet,Cancelled
ORD-10305,2025-05-18,CUST-1272,Central,Books,Math Book,10,3873.68,0,38736.8,23408.59,15328.21,Bank Transfer,Returned
ORD-10306,2025-07-08,CUST-1346,Central,Furniture,Desk,9,17607.67,0,158469.03,126850.16,31618.87,Cash,Returned
ORD-10307,2025-03-09,CUST-1155,Central,Furniture,Shelf,5,62564.05,0,312820.25,207293.84,105526.41,Card,Completed
ORD-10308,2025-03-17,CUST-1076,West,Clothing,Cap,9,6521.78,15,49891.62,39678.28,10213.33,Digital Wallet,Completed
ORD-10309,2025-10-31,CUST-1189,North,Furniture,Cabinet,2,19909.11,0,39818.22,23536.43,16281.79,Card,Returned
ORD-10310,2025-04-20,CUST-1087,Central,Electronics,Mouse,8,117764.36,0,942114.88,589902.19,352212.69,Card,Cancelled
ORD-10311,2025-07-03,CUST-1268,Central,Furniture,Sofa,9,55302.77,10,447952.44,357894.64,90057.8,Digital Wallet,Returned
ORD-10312,2025-12-25,CUST-1097,South,Electronics,Tablet,5,23855.28,5,113312.58,74426.81,38885.77,Card,Completed
ORD-10313,2025-02-10,CUST-1134,South,Sports,Racket,8,12738.99,5,96816.32,69443.02,27373.3,Cash,Returned
ORD-10314,2025-01-18,CUST-1010,South,Furniture,Desk,11,78879.16,0,867670.76,458026.12,409644.64,Card,Cancelled
ORD-10315,2025-06-27,CUST-1125,Central,Electronics,Monitor,2,103057.71,20,164892.34,158309.87,6582.47,Bank Transfer,Returned
ORD-10316,2025-09-25,CUST-1281,West,Sports,Football,4,15137.51,,54495.04,42837.62,11657.42,Digital Wallet,Returned
ORD-10317,2025-04-04,CUST-1002,North,Sports,Bat,5,12533.99,0,62669.95,46343.31,16326.64,Card,Cancelled
ORD-10318,2025-03-11,CUST-1304,South,Furniture,Sofa,5,55671.04,15,236601.92,210427.43,26174.49,Bank Transfer,Completed
ORD-10319,2025-11-20,CUST-1161,North,Books,Math Book,3,2524.25,0,7572.75,5248.59,2324.16,Cash,Returned
ORD-10320,2025-04-18,CUST-1176,Central,Electronics,Laptop,12,127858.49,5,1457586.79,1160208.19,297378.6,Cash,Returned
ORD-10321,2025-12-05,CUST-1058,West,Furniture,Chair,10,28687.46,5,272530.87,149747.3,122783.57,Bank Transfer,Completed
ORD-10322,2025-02-11,CUST-1002,West,Furniture,Chair,6,46277.1,0,277662.6,195924.97,81737.63,Bank Transfer,Completed
ORD-10323,2025-10-12,CUST-1157,North,Electronics,Keyboard,12,144292.22,0,1731506.64,1351669.54,379837.1,Digital Wallet,Completed
ORD-10324,2025-02-26,CUST-1330,South,Clothing,Cap,8,9900.22,10,71281.58,61785.71,9495.87,Card,Returned
ORD-10325,2025-05-06,CUST-1133,South,Furniture,Cabinet,11,67672.38,5,707176.37,442704.42,264471.95,Card,Returned
ORD-10326,2025-08-17,CUST-1088,West,Clothing,Shoes,8,13330.76,20,85316.86,79536.28,5780.59,Card,Cancelled
ORD-10327,2025-06-01,CUST-1233,Central,Clothing,Jacket,9,5004.45,0,45040.05,35893.29,9146.76,Bank Transfer,Completed
ORD-10328,2025-08-18,CUST-1301,West,Furniture,Sofa,7,48272.53,10,304116.94,240317.69,63799.25,Digital Wallet,Completed
ORD-10329,2025-09-10,CUST-1268,West,Sports,Helmet,7,21520.4,20,120514.24,118745.84,1768.4,Digital Wallet,Cancelled
ORD-10330,2025-08-18,CUST-1081,South,Clothing,Jeans,2,7156.42,10,12881.56,10799.93,2081.63,Card,Cancelled
ORD-10331,2025-08-25,CUST-1179,South,Electronics,Mouse,1,95439.98,0,95439.98,76152.25,19287.73,Bank Transfer,Completed
ORD-10332,2025-12-18,CUST-1194,Central,Furniture,Cabinet,6,42224.48,0,253346.88,151747.34,101599.54,Card,Completed
ORD-10333,2025-01-31,CUST-1347,Central,Books,Python Book,11,4384.88,5,45822.0,34987.15,10834.84,Digital Wallet,Completed
ORD-10334,2025-02-23,CUST-1282,East,Electronics,Mouse,1,156347.74,5,148530.35,103967.36,44563.0,Bank Transfer,Completed
ORD-10335,2025-01-28,CUST-1102,East,Electronics,Tablet,3,170224.01,15,434071.23,354411.92,79659.31,Cash,Returned
ORD-10336,2025-01-15,CUST-1166,East,Clothing,Shirt,1,7095.1,0,7095.1,5729.56,1365.54,Digital Wallet,Completed
ORD-10337,2025-01-25,CUST-1151,South,Furniture,Shelf,7,44566.33,20,249571.45,255591.54,-6020.09,Bank Transfer,Completed
ORD-10338,2025-06-22,CUST-1082,West,Sports,Racket,3,5081.81,0,15245.43,10993.2,4252.23,Bank Transfer,Completed
ORD-10339,2025-09-15,CUST-1182,South,Sports,Gloves,1,6353.27,0,6353.27,3719.54,2633.73,Digital Wallet,Completed
ORD-10340,2025-01-01,CUST-1245,East,Electronics,Mouse,8,147062.21,5,1117672.8,673729.05,443943.74,Cash,Returned
ORD-10341,2025-12-19,CUST-1138,West,Sports,Football,10,23863.37,0,238633.7,165743.9,72889.8,Card,Completed
ORD-10342,2025-02-08,CUST-1285,West,Books,Math Book,6,1416.5,5,8074.05,5259.52,2814.53,Digital Wallet,Returned
ORD-10343,2025-01-26,CUST-1118,East,Electronics,Monitor,1,111418.6,10,100276.74,63052.92,37223.82,Card,Completed
ORD-10344,2025-03-20,CUST-1073,Central,Clothing,Jacket,3,,0,6504.33,4697.55,1806.78,Cash,Cancelled
ORD-10345,2025-11-16,CUST-1023,East,Sports,Helmet,3,9206.55,5,26238.67,21367.43,4871.24,Cash,Completed
ORD-10346,2025-07-18,CUST-1326,East,Clothing,Cap,5,7074.52,5,33603.97,27256.18,6347.79,Digital Wallet,Completed
ORD-10347,2025-10-07,CUST-1207,North,Electronics,Laptop,9,145368.63,15,1112070.02,720295.08,391774.94,Bank Transfer,Completed
ORD-10348,2025-01-19,CUST-1010,East,Sports,Helmet,8,1888.61,0,15108.88,9586.9,5521.98,Card,Completed
ORD-10349,2025-08-05,CUST-1097,South,Electronics,Keyboard,4,61612.38,20,197159.62,137236.22,59923.39,Cash,Completed
ORD-10350,2025-09-09,CUST-1213,East,Clothing,Cap,1,2160.65,0,2160.65,1281.94,878.71,Cash,Completed
ORD-10351,2025-03-07,CUST-1287,Central,Electronics,Monitor,8,138085.19,15,938979.29,729376.1,209603.2,Card,Completed
ORD-10352,2025-01-18,CUST-1174,West,Electronics,Monitor,1,88094.06,0,88094.06,51554.48,36539.58,Digital Wallet,Completed
ORD-10353,2025-01-21,CUST-1287,South,Books,Novel,2,4869.79,10,8765.62,6386.95,2378.67,Card,Cancelled
ORD-10354,2025-08-27,CUST-1324,Central,Furniture,Chair,4,4801.06,15,16323.6,14213.54,2110.07,Card,Cancelled
ORD-10355,2025-09-05,CUST-1133,North,Sports,Bat,12,13748.28,10,148481.42,110008.55,38472.87,Bank Transfer,Completed
ORD-10356,2025-10-19,CUST-1120,North,Furniture,Chair,12,34871.61,15,355690.42,261454.16,94236.26,Bank Transfer,Cancelled
ORD-10357,2025-10-23,CUST-1169,Central,Clothing,Shoes,10,5131.56,0,51315.6,32611.0,18704.6,Bank Transfer,Completed
ORD-10358,2025-10-13,CUST-1003,East,Sports,Football,1,15361.48,0,15361.48,8058.09,7303.39,Bank Transfer,Completed
ORD-10359,2025-12-25,CUST-1020,North,Sports,Bat,7,13781.5,0,96470.5,65958.54,30511.96,Bank Transfer,Completed
ORD-10360,2025-07-26,CUST-1255,Central,Electronics,Tablet,9,17550.77,0,157956.93,98905.75,59051.18,Card,Completed
ORD-10361,2025-08-26,CUST-1126,North,Sports,Racket,11,24364.44,15,227807.51,176695.29,51112.23,Cash,Completed
ORD-10362,2025-12-17,CUST-1336,West,Furniture,Cabinet,12,17887.89,5,203921.95,152356.08,51565.87,Digital Wallet,Returned
ORD-10363,2025-12-06,CUST-1327,East,Books,AI Book,1,991.36,0,991.36,548.22,443.14,Bank Transfer,Completed
ORD-10364,2025-11-26,CUST-1091,North,Electronics,Mouse,5,154467.3,20,617869.2,493338.88,124530.32,Digital Wallet,Completed
ORD-10365,2025-09-24,CUST-1229,South,Sports,Helmet,2,9399.89,20,15039.82,14977.38,62.45,Card,Completed
ORD-10366,2025-01-26,CUST-1074,South,Clothing,Cap,6,7721.07,0,46326.42,29865.53,16460.89,Bank Transfer,Returned
ORD-10367,2025-12-15,CUST-1242,East,Clothing,Jacket,5,1925.39,5,9145.6,5202.31,3943.3,Bank Transfer,Completed
ORD-10368,2025-04-21,CUST-1289,North,Clothing,Shoes,2,8806.03,20,14089.65,10783.88,3305.77,Digital Wallet,Completed
ORD-10369,2025-01-27,CUST-1322,West,Books,Python Book,10,5188.88,10,46699.92,34901.91,11798.01,Digital Wallet,Returned
ORD-10370,2025-10-30,CUST-1001,West,Books,Math Book,3,5373.19,5,15313.59,10536.36,4777.23,Card,Completed
ORD-10371,2025-05-06,CUST-1306,South,Electronics,Keyboard,11,105929.88,10,1048705.81,893678.81,155027.01,Digital Wallet,Completed
ORD-10372,2025-04-04,CUST-1140,West,Furniture,Sofa,4,83342.47,0,333369.88,173829.6,159540.28,Digital Wallet,Completed
ORD-10373,2025-09-15,CUST-1193,North,Sports,Football,2,21179.13,5,40240.35,34643.36,5596.98,Bank Transfer,Cancelled
ORD-10374,2025-12-16,CUST-1199,North,Furniture,Cabinet,3,84735.47,20,203365.13,174518.55,28846.58,Cash,Completed
ORD-10375,2025-05-01,CUST-1314,East,Furniture,Shelf,6,19746.28,0,118477.68,79442.83,39034.85,Bank Transfer,Cancelled
ORD-10376,2025-12-12,CUST-1018,Central,Sports,Racket,6,16308.88,5,92960.62,69593.32,23367.29,Bank Transfer,Completed
ORD-10377,2025-04-15,CUST-1219,West,Electronics,Tablet,7,27624.54,0,193371.78,142898.99,50472.79,Cash,Completed
ORD-10378,2025-04-03,CUST-1170,Central,Books,History Book,10,3976.03,0,39760.3,32223.13,7537.17,Card,Completed
ORD-10379,2025-09-18,CUST-1278,West,Clothing,Jeans,9,6234.81,15,47696.3,40238.85,7457.45,Bank Transfer,Returned
ORD-10380,2025-03-21,CUST-1146,North,Sports,Racket,8,11855.02,10,85356.14,77008.18,8347.96,Digital Wallet,Completed
ORD-10381,2025-05-25,CUST-1246,South,Books,Math Book,9,5191.07,0,46719.63,36554.87,10164.76,Card,Returned
ORD-10382,2025-02-24,CUST-1334,,Electronics,Laptop,4,171072.93,5,650077.13,522089.13,127988.0,Bank Transfer,Cancelled
ORD-10383,2025-06-17,CUST-1037,South,Furniture,Desk,4,48760.83,15,165786.82,158600.33,7186.49,Cash,Completed
ORD-10384,2025-12-22,CUST-1070,East,Furniture,Shelf,11,55607.12,15,519926.57,453412.97,66513.6,Digital Wallet,Completed
ORD-10385,2025-03-23,CUST-1068,North,Electronics,Tablet,4,176059.14,0,704236.56,556773.79,147462.77,Card,Completed
ORD-10386,2025-05-04,CUST-1223,West,Books,Python Book,4,1320.03,10,4752.11,3435.05,1317.06,Digital Wallet,Completed
ORD-10387,2025-10-11,CUST-1002,East,Electronics,Tablet,5,37014.48,10,166565.16,149525.67,17039.49,Digital Wallet,Completed
ORD-10388,2025-03-23,CUST-1083,West,Books,Python Book,3,4221.21,5,12030.45,7682.9,4347.54,Cash,Completed
ORD-10389,2025-12-14,CUST-1002,Central,Furniture,Desk,10,9472.95,10,85256.55,53557.92,31698.63,Digital Wallet,Completed
ORD-10390,2025-06-30,CUST-1232,Central,Sports,Football,2,18646.23,15,31698.59,26913.9,4784.69,Digital Wallet,Returned
ORD-10391,2025-10-06,CUST-1266,North,Electronics,Monitor,9,47494.1,5,406074.55,234302.03,171772.52,Card,Completed
ORD-10392,2025-09-14,CUST-1009,North,Sports,Football,2,2975.4,20,4760.64,4415.39,345.25,Cash,Cancelled
ORD-10393,2025-10-31,CUST-1062,Central,Books,History Book,12,5031.86,0,60382.32,32293.1,28089.22,Bank Transfer,Completed
ORD-10394,2025-09-08,CUST-1301,East,Sports,Helmet,5,22038.98,15,93665.66,71655.08,22010.58,Cash,Cancelled
ORD-10395,2025-01-02,CUST-1272,West,Furniture,Shelf,8,30777.44,15,209286.59,161435.46,47851.13,Card,Cancelled
ORD-10396,2025-10-08,CUST-1347,East,Clothing,Cap,6,11201.64,5,63849.35,38797.91,25051.43,Bank Transfer,Completed
ORD-10397,2025-09-15,CUST-1132,East,Sports,Racket,12,23887.07,0,286644.84,191028.6,95616.24,Digital Wallet,Completed
ORD-10398,2025-12-01,CUST-1005,South,Books,Python Book,11,3234.57,0,35580.27,23867.7,11712.57,Card,Cancelled
ORD-10399,2025-08-10,CUST-1222,North,Electronics,Keyboard,1,16224.37,5,15413.15,8610.62,6802.53,Digital Wallet,Completed
ORD-10400,2025-04-15,CUST-1122,Central,Clothing,Shoes,8,8123.85,10,58491.72,34709.43,23782.29,Digital Wallet,Completed
ORD-10401,2025-06-18,CUST-1140,North,Sports,Bat,3,22544.13,15,57487.53,52535.28,4952.25,Digital Wallet,Returned
ORD-10402,2025-02-13,CUST-1048,South,Books,Math Book,10,3848.04,5,36556.38,24794.41,11761.97,Card,Completed
ORD-10403,2025-12-23,CUST-1133,East,Books,Math Book,10,1516.88,10,13651.92,10857.35,2794.57,Card,Completed
ORD-10404,2025-06-15,CUST-1310,,Books,Python Book,11,3493.97,0,38433.67,25895.7,12537.97,Card,Returned
ORD-10405,2025-07-17,CUST-1266,Central,Clothing,Shirt,2,3646.61,0,7293.22,4077.32,3215.9,Bank Transfer,Completed
ORD-10406,2025-03-15,CUST-1304,North,Clothing,Cap,1,9796.81,5,9306.97,7696.79,1610.18,Card,Completed
ORD-10407,2025-07-17,CUST-1349,East,Clothing,Shirt,4,9225.71,0,36902.84,24338.87,12563.97,Card,Completed
ORD-10408,2025-05-26,CUST-1342,South,Books,History Book,7,1476.42,15,8784.7,7730.05,1054.65,Card,Completed
ORD-10409,2025-01-19,CUST-1269,Central,Clothing,Shirt,12,13649.3,15,139222.86,128627.42,10595.44,Card,Completed
ORD-10410,2025-11-12,CUST-1307,,Clothing,Jacket,11,8031.61,20,70678.17,55531.92,15146.25,Bank Transfer,Completed
ORD-10411,2025-03-18,CUST-1151,South,Electronics,Monitor,7,102870.41,5,684088.23,509162.77,174925.46,Cash,Completed
ORD-10412,2025-12-09,CUST-1304,North,Sports,Racket,9,24626.73,0,221640.57,128803.63,92836.94,Digital Wallet,Completed
ORD-10413,2025-12-06,CUST-1222,Central,Clothing,Jeans,4,811.41,10,2921.08,2068.31,852.77,Card,Returned
ORD-10414,2025-11-27,CUST-1238,West,Furniture,Shelf,7,38601.22,0,270208.54,182683.79,87524.75,Digital Wallet,Returned
ORD-10415,2025-09-09,CUST-1192,North,Clothing,Cap,11,5182.69,15,48458.15,44030.07,4428.08,Digital Wallet,Completed
ORD-10416,2025-03-04,CUST-1197,South,Clothing,Cap,1,13537.76,10,12183.98,10877.64,1306.35,Cash,Completed
ORD-10417,2025-11-11,CUST-1091,Central,Books,AI Book,11,5908.76,5,61746.54,44106.26,17640.29,Cash,Cancelled
ORD-10418,2025-07-28,CUST-1049,West,Books,Math Book,11,2155.73,0,23713.03,17455.7,6257.33,Digital Wallet,Returned
ORD-10419,2025-12-06,CUST-1337,West,Sports,Gloves,9,3926.58,5,33572.26,22012.42,11559.84,Bank Transfer,Completed
ORD-10420,2025-07-04,CUST-1336,West,Furniture,Sofa,6,20096.35,20,96462.48,94845.56,1616.92,Digital Wallet,Completed
ORD-10421,2025-03-13,CUST-1090,West,Sports,Gloves,12,,5,127691.86,102305.3,25386.56,Card,Completed
ORD-10422,2025-05-30,CUST-1101,South,Sports,Helmet,3,4717.76,0,14153.28,9886.14,4267.14,Cash,Completed
ORD-10423,2025-03-27,CUST-1090,West,Furniture,Shelf,6,37336.94,15,190418.39,121831.01,68587.38,Cash,Completed
ORD-10424,2025-07-21,CUST-1058,Central,Books,History Book,5,1338.9,10,6025.05,3919.85,2105.2,Cash,Completed
ORD-10425,2025-02-07,CUST-1284,East,Electronics,Keyboard,9,93414.74,5,798696.03,439648.04,359047.99,Bank Transfer,Completed
ORD-10426,2025-02-13,CUST-1269,North,Furniture,Shelf,12,85519.61,15,872300.02,784985.34,87314.68,Bank Transfer,Cancelled
ORD-10427,2025-11-12,CUST-1324,South,Electronics,Monitor,12,147358.06,15,1503052.21,1004034.62,499017.59,Card,Cancelled
ORD-10428,2025-02-07,CUST-1208,North,Books,Novel,4,2321.05,10,8355.78,7286.97,1068.81,Card,Completed
ORD-10429,2025-09-08,CUST-1192,West,Sports,Bat,6,16762.39,5,95545.62,77363.44,18182.18,Card,Cancelled
ORD-10430,2025-07-28,CUST-1322,West,Books,Python Book,5,2185.96,15,9290.33,7028.48,2261.85,Bank Transfer,Completed
ORD-10431,2025-06-23,CUST-1215,West,Books,Novel,11,855.9,5,8944.15,6888.33,2055.83,Cash,Cancelled
ORD-10432,2025-12-15,CUST-1146,East,Clothing,Shirt,2,3010.88,15,5118.5,3185.8,1932.69,Digital Wallet,Cancelled
ORD-10433,2025-06-08,CUST-1271,Central,Furniture,Cabinet,8,4607.46,20,29487.74,28756.09,731.65,Cash,Completed
ORD-10434,2025-01-27,CUST-1327,South,Furniture,Shelf,12,64648.85,5,736996.89,470875.24,266121.65,Bank Transfer,Cancelled
ORD-10435,2025-05-06,CUST-1170,South,Furniture,Desk,8,89210.01,0,713680.08,574635.68,139044.4,Card,Returned
ORD-10436,2025-08-08,CUST-1077,North,Electronics,Monitor,7,92873.51,15,552597.38,405550.69,147046.7,Card,Returned
ORD-10437,2025-02-11,CUST-1235,East,Sports,Racket,12,15162.75,5,172855.35,133521.77,39333.58,Digital Wallet,Cancelled
ORD-10438,2025-06-14,CUST-1177,Central,Electronics,Monitor,4,119031.53,15,404707.2,267963.97,136743.23,Bank Transfer,Returned
ORD-10439,2025-01-27,CUST-1043,North,Electronics,Mouse,8,170813.73,0,1366509.84,913154.36,453355.48,Bank Transfer,Completed
ORD-10440,2025-08-16,CUST-1228,North,Furniture,Cabinet,2,9769.42,0,19538.84,15080.09,4458.75,Bank Transfer,Completed
ORD-10441,2025-11-25,CUST-1254,East,Electronics,Laptop,8,115508.39,5,877863.76,560751.96,317111.8,Bank Transfer,Completed
ORD-10442,2025-06-25,CUST-1033,West,Sports,Gloves,1,8966.37,5,8518.05,6809.23,1708.82,Digital Wallet,Completed
ORD-10443,2025-01-31,CUST-1255,East,Clothing,Shirt,8,9295.19,20,59489.22,45890.82,13598.39,Cash,Returned
ORD-10444,2025-01-04,CUST-1101,Central,Sports,Gloves,8,20222.6,5,153691.76,109573.98,44117.78,Card,Completed
ORD-10445,2025-07-10,CUST-1134,East,Sports,Football,2,13453.86,0,26907.72,21826.82,5080.9,Digital Wallet,Cancelled
ORD-10446,2025-02-09,CUST-1077,West,Furniture,Shelf,3,23750.58,20,57001.39,44567.02,12434.37,Bank Transfer,Returned
ORD-10447,2025-05-15,CUST-1017,Central,Electronics,Keyboard,9,85209.26,15,651850.84,501140.7,150710.14,Digital Wallet,Cancelled
ORD-10448,2025-02-01,CUST-1196,North,Clothing,Shoes,9,11311.11,0,101799.99,67838.0,33961.99,Card,Returned
ORD-10449,2025-06-23,CUST-1108,South,Sports,Bat,3,22019.0,5,62754.15,52489.75,10264.4,Digital Wallet,Completed
ORD-10450,2025-04-18,CUST-1020,South,Sports,Bat,1,14859.46,10,13373.51,10591.22,2782.29,Card,Completed
ORD-10451,2025-09-18,CUST-1333,Central,Sports,Gloves,12,22604.23,5,257688.22,201136.88,56551.35,Card,Completed
ORD-10452,2025-05-04,CUST-1244,West,Books,AI Book,3,4634.78,20,11123.47,11004.24,119.23,Cash,Completed
ORD-10453,2025-01-04,CUST-1318,Central,Furniture,Chair,9,85486.48,5,730909.4,503990.7,226918.7,Cash,Completed
ORD-10454,2025-09-03,CUST-1038,West,Clothing,Jacket,8,14624.4,0,116995.2,76347.38,40647.82,Cash,Completed
ORD-10455,2025-01-26,CUST-1346,South,Clothing,Cap,12,5894.55,15,60124.41,49947.23,10177.18,Card,Returned
ORD-10456,2025-05-11,CUST-1132,North,Books,Math Book,7,1180.38,20,6610.13,5195.4,1414.73,Card,Completed
ORD-10457,2025-08-30,CUST-1236,North,Sports,Gloves,11,4948.46,5,51711.41,28458.66,23252.75,Bank Transfer,Completed
ORD-10458,2025-12-13,CUST-1270,Central,Furniture,Cabinet,2,69693.2,0,139386.4,112224.4,27162.0,Card,Completed
ORD-10459,2025-03-22,CUST-1196,West,Electronics,Keyboard,5,10145.9,0,50729.5,37464.76,13264.74,Card,Completed
ORD-10460,2025-10-18,CUST-1053,South,Furniture,Sofa,8,6319.57,0,50556.56,30200.41,20356.15,Cash,Cancelled
ORD-10461,2025-06-25,CUST-1176,East,Electronics,Keyboard,7,57717.13,5,383818.91,252027.15,131791.76,Cash,Completed
ORD-10462,2025-04-21,CUST-1029,North,Clothing,Cap,1,3617.23,5,3436.37,2477.46,958.9,Bank Transfer,Completed
ORD-10463,2025-02-14,CUST-1273,South,Sports,Racket,4,12831.09,5,48758.14,26789.29,21968.85,Cash,Returned
ORD-10464,2025-03-01,CUST-1075,East,Electronics,Keyboard,10,106885.59,0,1068855.9,711248.73,357607.17,Card,Cancelled
ORD-10465,2025-10-30,CUST-1048,Central,Books,History Book,7,2297.38,20,12865.33,11509.2,1356.13,Cash,Completed
ORD-10466,2025-09-24,CUST-1281,Central,Furniture,Shelf,6,45827.26,20,219970.85,153582.53,66388.31,Bank Transfer,Cancelled
ORD-10467,2025-11-17,CUST-1017,South,Books,Math Book,6,3703.12,0,22218.72,12822.11,9396.61,Digital Wallet,Returned
ORD-10468,2025-03-08,CUST-1117,South,Sports,Football,5,20819.65,5,98893.34,58737.67,40155.66,Digital Wallet,Completed
ORD-10469,2025-11-01,CUST-1115,Central,Electronics,Keyboard,8,48367.11,5,367590.04,214379.7,153210.33,Card,Completed
ORD-10470,2025-10-25,CUST-1023,North,Books,Math Book,5,5330.8,5,25321.3,17154.34,8166.96,Bank Transfer,Completed
ORD-10471,2025-02-01,CUST-1297,East,Sports,Racket,3,15420.38,5,43948.08,25578.68,18369.41,Bank Transfer,Cancelled
ORD-10472,2025-01-05,CUST-1249,Central,Electronics,Monitor,9,149534.19,20,1076646.17,866986.98,209659.18,Card,Completed
ORD-10473,2025-12-23,CUST-1229,West,Electronics,Tablet,11,39489.17,15,369223.74,227755.57,141468.17,Card,Completed
ORD-10474,2025-07-28,CUST-1350,Central,Books,Python Book,9,3516.69,5,30067.7,23938.13,6129.57,Card,Cancelled
ORD-10475,2025-04-16,CUST-1219,Central,Sports,Racket,2,3241.58,10,5834.84,4848.76,986.08,Digital Wallet,Returned
ORD-10476,2025-04-12,CUST-1244,West,Electronics,Monitor,10,58466.55,20,467732.4,336917.66,130814.74,Digital Wallet,Completed
ORD-10477,2025-05-10,CUST-1333,East,Books,Novel,8,1601.3,5,12169.88,10052.9,2116.98,Digital Wallet,Returned
ORD-10478,2025-06-04,CUST-1273,South,Books,History Book,11,1478.53,5,15450.64,8522.85,6927.79,Bank Transfer,Completed
ORD-10479,2025-09-06,CUST-1050,South,Sports,Helmet,4,10272.59,0,41090.36,24356.86,16733.5,Digital Wallet,Cancelled
ORD-10480,2025-03-05,CUST-1234,North,Furniture,Sofa,11,9611.3,0,105724.3,64077.44,41646.86,Bank Transfer,Completed
ORD-10481,2025-08-23,CUST-1196,West,Sports,Gloves,2,20389.0,0,40778.0,27211.7,13566.3,Bank Transfer,Completed
ORD-10482,2025-03-22,CUST-1183,Central,Electronics,Laptop,10,70393.67,10,633543.03,457866.13,175676.9,Cash,Completed
ORD-10483,2025-12-21,CUST-1171,North,Sports,Gloves,11,4327.38,20,38080.94,31060.47,7020.47,Bank Transfer,Completed
ORD-10484,2025-05-02,CUST-1001,Central,Sports,Football,9,19667.61,0,177008.49,133069.6,43938.89,Bank Transfer,Returned
ORD-10485,2025-10-22,CUST-1270,East,Sports,Helmet,12,3930.67,,40092.83,33447.53,6645.3,Card,Completed
ORD-10486,2025-07-27,CUST-1212,South,Electronics,Laptop,11,111879.47,15,1046073.04,851347.57,194725.48,Card,Completed
ORD-10487,2025-07-27,CUST-1349,South,Books,History Book,1,4825.59,10,4343.03,3476.41,866.62,Card,Completed
ORD-10488,2025-05-12,CUST-1181,Central,Electronics,Laptop,4,30637.31,10,110294.32,83279.14,27015.17,Cash,Returned
ORD-10489,2025-06-27,CUST-1062,South,Sports,Helmet,2,7806.69,5,14832.71,10885.38,3947.33,Cash,Completed
ORD-10490,2025-09-22,CUST-1020,North,Clothing,Shoes,8,5484.32,15,37293.38,23574.05,13719.33,Bank Transfer,Cancelled
ORD-10491,2025-01-24,CUST-1148,West,Furniture,Chair,9,51863.22,20,373415.18,340201.66,33213.52,Cash,Completed
ORD-10492,2025-06-23,CUST-1343,East,Electronics,Tablet,8,29229.98,0,233839.84,184948.19,48891.65,Cash,Completed
ORD-10493,2025-03-12,CUST-1307,North,Sports,Gloves,7,20589.3,15,122506.34,91926.84,30579.5,Cash,Cancelled
ORD-10494,2025-06-10,CUST-1099,North,Books,Novel,10,3767.92,15,32027.32,24510.96,7516.36,Digital Wallet,Completed
ORD-10495,2025-12-26,CUST-1177,East,Clothing,Shoes,8,14756.05,10,106243.56,73671.32,32572.24,Card,Completed
ORD-10496,2025-09-22,CUST-1312,Central,Furniture,Sofa,4,11787.3,15,40076.82,35815.06,4261.76,Cash,Cancelled
ORD-10497,2025-04-12,CUST-1344,West,Books,Math Book,7,5117.39,5,34030.64,21356.55,12674.1,Cash,Completed
ORD-10498,2025-03-26,CUST-1237,West,Sports,Bat,4,3305.24,20,10576.77,8583.75,1993.02,Bank Transfer,Returned
ORD-10499,2025-01-02,CUST-1138,North,Clothing,Shoes,4,11554.14,20,36973.25,30559.33,6413.92,Cash,Completed
ORD-10500,2025-03-05,CUST-1245,South,Books,Math Book,8,5414.35,10,38983.32,31040.45,7942.87,Digital Wallet,Completed
ORD-10501,2025-05-19,CUST-1270,North,Books,AI Book,6,2552.96,10,13785.98,12281.34,1504.65,Card,Completed
ORD-10502,2025-05-23,CUST-1049,East,Books,History Book,9,1409.81,0,12688.29,6931.83,5756.46,Card,Completed
ORD-10503,2025-06-30,CUST-1045,West,Electronics,Mouse,4,124979.24,5,474921.11,306945.3,167975.81,Bank Transfer,Completed
ORD-10504,2025-06-01,CUST-1048,North,Sports,Racket,6,21706.33,5,123726.08,105153.68,18572.4,Card,Cancelled
ORD-10505,2025-07-06,CUST-1197,Central,Clothing,Cap,6,2492.11,0,14952.66,12094.32,2858.34,Card,Completed
ORD-10506,2025-01-06,CUST-1283,West,Electronics,Mouse,10,150688.23,5,1431538.19,849779.19,581758.99,Card,Completed
ORD-10507,2025-07-09,CUST-1160,West,Electronics,Monitor,7,135569.7,15,806639.72,727193.19,79446.53,Card,Completed
ORD-10508,2025-03-10,CUST-1205,East,Sports,Racket,2,2208.07,20,3532.91,3388.89,144.02,Bank Transfer,Completed
ORD-10509,2025-02-15,CUST-1326,South,Furniture,Sofa,10,67529.73,10,607767.57,454903.12,152864.45,Digital Wallet,Returned
ORD-10510,2025-07-20,CUST-1180,West,Books,History Book,12,4814.95,15,49112.49,36614.64,12497.85,Card,Completed
ORD-10511,2025-08-29,CUST-1103,East,Clothing,Cap,6,14183.03,5,80843.27,55941.77,24901.5,Cash,Completed
ORD-10512,2025-05-06,CUST-1232,West,Clothing,Shirt,7,4019.24,10,25321.21,18374.64,6946.57,Card,Cancelled
ORD-10513,2025-02-08,CUST-1169,South,Electronics,Monitor,9,82650.61,15,632277.17,578759.83,53517.34,Cash,Cancelled
ORD-10514,2025-11-04,CUST-1149,West,Clothing,Shirt,10,11989.68,0,119896.8,90171.07,29725.73,Bank Transfer,Completed
ORD-10515,2025-07-14,CUST-1179,West,Books,History Book,7,1159.53,15,6899.2,5722.12,1177.09,Cash,Returned
ORD-10516,2025-12-04,CUST-1259,West,Books,Novel,5,2696.76,15,11461.23,7810.63,3650.6,Bank Transfer,Cancelled
ORD-10517,2025-06-17,CUST-1098,East,Books,AI Book,6,2014.97,15,10276.35,8464.86,1811.49,Cash,Cancelled
ORD-10518,2025-07-14,CUST-1001,North,Sports,Gloves,3,8919.45,15,22744.6,20148.67,2595.93,Card,Completed
ORD-10519,2025-01-23,CUST-1151,Central,Electronics,Keyboard,5,7598.65,0,37993.25,28992.03,9001.22,Bank Transfer,Cancelled
ORD-10520,2025-07-10,CUST-1273,Central,Furniture,Sofa,10,9368.47,20,74947.76,66902.01,8045.75,Bank Transfer,Completed
ORD-10521,2025-07-18,CUST-1001,South,Electronics,Tablet,6,153966.03,10,831416.56,663263.2,168153.37,Bank Transfer,Completed
ORD-10522,2025-04-25,CUST-1238,Central,Sports,Helmet,7,6186.6,20,34644.96,23607.38,11037.58,Cash,Cancelled
ORD-10523,2025-01-28,CUST-1254,Central,Clothing,Shoes,11,4121.48,10,40802.65,35790.76,5011.89,Cash,Returned
ORD-10524,2025-01-01,CUST-1034,West,Furniture,Sofa,3,87829.38,10,237139.33,192932.02,44207.31,Bank Transfer,Completed
ORD-10525,2025-05-09,CUST-1010,West,Clothing,Jeans,2,9573.64,20,15317.82,10105.82,5212.0,Bank Transfer,Completed
ORD-10526,2025-08-13,CUST-1323,South,Electronics,Laptop,6,109995.82,0,659974.92,436059.06,223915.86,Cash,Returned
ORD-10527,2025-03-06,CUST-1180,Central,Books,AI Book,1,,10,934.66,612.93,321.72,Digital Wallet,Completed
ORD-10528,2025-09-17,CUST-1324,North,Books,Math Book,9,1722.35,5,14726.09,11540.64,3185.45,Digital Wallet,Completed
ORD-10529,2025-09-26,CUST-1104,North,Clothing,Jeans,7,14757.33,0,103301.31,59677.64,43623.67,Card,Cancelled
ORD-10530,2025-02-04,CUST-1153,Central,Books,Novel,10,5429.06,5,51576.07,37745.0,13831.07,Digital Wallet,Completed
ORD-10531,2025-01-19,CUST-1119,West,Furniture,Shelf,9,81564.02,15,623964.75,538048.82,85915.93,Cash,Completed
ORD-10532,2025-07-28,CUST-1131,North,Books,Python Book,8,5016.44,15,34111.79,28040.75,6071.04,Cash,Completed
ORD-10533,2025-03-20,CUST-1258,East,Books,Novel,6,4791.62,15,24437.26,19238.22,5199.04,Cash,Completed
ORD-10534,2025-10-27,CUST-1275,South,Furniture,Shelf,9,32708.72,20,235502.78,236836.28,-1333.49,Cash,Completed
ORD-10535,2025-04-08,CUST-1294,Central,Furniture,Chair,11,15450.73,10,152962.23,133624.11,19338.12,Cash,Completed
ORD-10536,2025-01-19,CUST-1191,Central,Furniture,Cabinet,10,37763.61,5,358754.29,299259.81,59494.48,Card,Completed
ORD-10537,2025-02-23,CUST-1237,West,Furniture,Sofa,12,27111.52,0,325338.24,183873.86,141464.38,Digital Wallet,Completed
ORD-10538,2025-12-25,CUST-1200,East,Sports,Football,11,22640.72,10,224143.13,173006.44,51136.69,Card,Cancelled
ORD-10539,2025-05-09,CUST-1213,East,Sports,Racket,6,11719.21,5,66799.5,46903.41,19896.09,Bank Transfer,Returned
ORD-10540,2025-07-26,CUST-1117,Central,Sports,Gloves,10,18860.94,10,169748.46,109228.99,60519.47,Cash,Cancelled
ORD-10541,2025-05-12,CUST-1029,West,Books,Novel,2,4498.0,15,7646.6,5839.16,1807.44,Digital Wallet,Completed
ORD-10542,2025-03-28,CUST-1201,Central,Books,History Book,4,5636.26,20,18036.03,14493.65,3542.38,Card,Returned
ORD-10543,2025-01-28,CUST-1244,West,Electronics,Monitor,8,60328.38,5,458495.69,330403.87,128091.82,Cash,Cancelled
ORD-10544,2025-01-16,CUST-1009,East,Sports,Racket,10,24691.48,5,234569.06,134949.49,99619.57,Digital Wallet,Completed
ORD-10545,2025-02-03,CUST-1190,East,Electronics,Tablet,5,87862.91,20,351451.64,319036.57,32415.07,Digital Wallet,Completed
ORD-10546,2025-08-23,CUST-1048,South,Sports,Bat,11,6030.35,0,66333.85,48611.0,17722.85,Card,Completed
ORD-10547,2025-02-22,CUST-1151,,Clothing,Shirt,12,8727.12,5,99489.17,65837.13,33652.04,Cash,Completed
ORD-10548,2025-12-16,CUST-1248,South,Books,Python Book,7,1240.82,5,8251.45,6749.14,1502.31,Bank Transfer,Completed
ORD-10549,2025-06-13,CUST-1317,North,Furniture,Cabinet,10,43277.93,5,411140.33,341661.67,69478.67,Cash,Completed
ORD-10550,2025-04-21,CUST-1190,West,Furniture,Shelf,8,30304.69,5,230315.64,195062.33,35253.32,Card,Completed
ORD-10551,2025-05-16,CUST-1132,Central,Clothing,Jacket,8,5363.88,0,42911.04,30615.7,12295.34,Digital Wallet,Completed
ORD-10552,2025-03-21,CUST-1023,Central,Clothing,Jeans,2,13598.86,20,21758.18,20721.72,1036.45,Digital Wallet,Returned
ORD-10553,2025-06-13,CUST-1001,South,Furniture,Cabinet,11,84204.02,15,787307.59,494761.59,292546.0,Digital Wallet,Completed
ORD-10554,2025-06-18,CUST-1220,South,Sports,Racket,10,19354.36,0,193543.6,109902.72,83640.88,Bank Transfer,Completed
ORD-10555,2025-06-04,CUST-1342,North,Furniture,Chair,5,77657.61,20,310630.44,285145.54,25484.9,Cash,Returned
ORD-10556,2025-07-05,CUST-1267,Central,Electronics,Laptop,8,24095.53,20,154211.39,130635.35,23576.04,Bank Transfer,Completed
ORD-10557,2025-07-11,CUST-1163,East,Sports,Helmet,10,6124.69,10,55122.21,38769.5,16352.71,Cash,Completed
ORD-10558,2025-04-27,CUST-1186,Central,Clothing,Shirt,5,954.81,20,3819.24,2485.12,1334.12,Cash,Completed
ORD-10559,2025-11-26,CUST-1081,East,Sports,Gloves,2,13632.19,0,27264.38,19321.24,7943.14,Cash,Returned
ORD-10560,2025-02-15,CUST-1023,South,Clothing,Cap,3,6707.5,15,17104.12,13996.34,3107.79,Digital Wallet,Completed
ORD-10561,2025-04-25,CUST-1147,East,Clothing,Jacket,5,4440.76,15,18873.23,11652.69,7220.54,Digital Wallet,Completed
ORD-10562,2025-11-10,CUST-1180,South,Clothing,Jacket,2,5914.67,0,11829.34,7586.49,4242.85,Bank Transfer,Returned
ORD-10563,2025-10-18,CUST-1311,Central,Electronics,Monitor,12,10934.83,0,131217.96,78101.32,53116.64,Cash,Completed
ORD-10564,2025-03-21,CUST-1144,South,Sports,Helmet,8,7054.21,15,47968.63,38400.31,9568.32,Card,Completed
ORD-10565,2025-05-20,CUST-1231,East,Books,AI Book,12,2481.68,0,29780.16,21612.1,8168.06,Card,Completed
ORD-10566,2025-10-19,CUST-1198,Central,Electronics,Laptop,1,169879.7,15,144397.74,91337.05,53060.69,Digital Wallet,Completed
ORD-10567,2025-11-14,CUST-1117,South,Books,History Book,9,1093.25,0,9839.25,5913.88,3925.37,Bank Transfer,Completed
ORD-10568,2025-08-17,CUST-1348,West,Books,Math Book,3,3122.69,20,7494.46,6458.1,1036.36,Cash,Completed
ORD-10569,2025-04-08,CUST-1063,Central,Clothing,Cap,5,8795.99,0,43979.95,24863.53,19116.42,Bank Transfer,Cancelled
ORD-10570,2025-12-12,CUST-1274,West,Sports,Racket,2,12323.28,15,20949.58,15503.45,5446.13,Digital Wallet,Completed
ORD-10571,2025-06-08,CUST-1022,Central,Clothing,Shirt,11,13885.08,0,152735.88,89050.49,63685.39,Bank Transfer,Completed
ORD-10572,2025-06-25,CUST-1217,North,Sports,Racket,11,5857.07,15,54763.6,33707.64,21055.97,Cash,Completed
ORD-10573,2025-12-19,CUST-1342,East,Furniture,Cabinet,8,50197.05,5,381497.58,310924.12,70573.46,Cash,Cancelled
ORD-10574,2025-11-13,CUST-1040,North,Books,AI Book,12,5482.84,0,65794.08,42218.91,23575.17,Card,Completed
ORD-10575,2025-12-13,CUST-1025,East,Clothing,Shirt,4,5213.21,5,19810.2,16544.83,3265.37,Digital Wallet,Completed
ORD-10576,2025-02-08,CUST-1259,West,Books,Math Book,3,5774.79,10,15591.93,9777.69,5814.25,Cash,Completed
ORD-10577,2025-11-03,CUST-1081,East,Electronics,Mouse,8,154222.06,5,1172087.66,693039.73,479047.92,Digital Wallet,Returned
ORD-10578,2025-08-15,CUST-1026,Central,Electronics,Laptop,10,,0,881740.3,630671.75,251068.55,Digital Wallet,Cancelled
ORD-10579,2025-05-05,CUST-1295,West,Electronics,Tablet,7,179936.72,15,1070623.48,831594.45,239029.03,Cash,Cancelled
ORD-10580,2025-07-07,CUST-1029,West,Electronics,Tablet,3,74502.52,5,212332.18,151884.58,60447.6,Bank Transfer,Completed
ORD-10581,2025-04-05,CUST-1208,Central,Furniture,Chair,1,57837.75,0,57837.75,37306.98,20530.77,Digital Wallet,Returned
ORD-10582,2025-08-19,CUST-1231,Central,Clothing,Shirt,8,3728.87,0,29830.96,19943.73,9887.23,Cash,Completed
ORD-10583,2025-06-25,CUST-1091,West,Books,Math Book,7,3913.39,5,26024.04,18308.97,7715.08,Cash,Completed
ORD-10584,2025-02-20,CUST-1332,West,Furniture,Desk,4,85819.59,0,343278.36,242081.69,101196.67,Card,Completed
ORD-10585,2025-08-04,CUST-1093,Central,Electronics,Monitor,5,162654.45,0,813272.25,508391.15,304881.1,Cash,Completed
ORD-10586,2025-09-07,CUST-1060,North,Books,Python Book,7,1663.09,0,11641.63,8984.17,2657.46,Card,Cancelled
ORD-10587,2025-05-30,CUST-1026,North,Furniture,Shelf,4,53365.3,15,181442.02,121935.88,59506.14,Cash,Completed
ORD-10588,2025-02-28,CUST-1251,East,Sports,Racket,11,22713.84,5,237359.63,152156.03,85203.6,Card,Returned
ORD-10589,2025-11-09,CUST-1291,North,Clothing,Jacket,8,9675.47,15,65793.2,46556.8,19236.4,Bank Transfer,Completed
ORD-10590,2025-08-23,CUST-1180,West,Books,Python Book,9,2711.76,15,20744.96,15998.78,4746.18,Cash,Cancelled
ORD-10591,2025-01-22,CUST-1039,Central,Electronics,Keyboard,6,6169.63,5,35166.89,20788.32,14378.57,Digital Wallet,Completed
ORD-10592,2025-06-11,CUST-1043,East,Clothing,Jeans,12,8452.37,15,86214.17,82033.76,4180.41,Card,Returned
ORD-10593,2025-06-06,CUST-1168,North,Electronics,Monitor,10,42431.83,15,360670.56,302675.84,57994.72,Card,Cancelled
ORD-10594,2025-06-29,CUST-1026,East,Furniture,Cabinet,7,12830.25,0,89811.75,61447.56,28364.19,Card,Completed
ORD-10595,2025-06-19,CUST-1230,South,Sports,Bat,4,10221.83,5,38842.95,31178.91,7664.05,Cash,Completed
ORD-10596,2025-08-03,CUST-1294,Central,Furniture,Cabinet,8,41643.43,0,333147.44,195145.5,138001.94,Digital Wallet,Completed
ORD-10597,2025-09-22,CUST-1231,East,Furniture,Sofa,2,60442.98,15,102753.07,85814.92,16938.14,Digital Wallet,Completed
ORD-10598,2025-02-12,CUST-1191,South,Electronics,Keyboard,11,111786.48,20,983721.02,708734.3,274986.73,Card,Cancelled
ORD-10599,2025-05-20,CUST-1102,North,Electronics,Mouse,2,134629.01,20,215406.42,196523.38,18883.03,Bank Transfer,Cancelled
ORD-10600,2025-06-19,CUST-1063,East,Clothing,Cap,1,,0,6285.05,4756.28,1528.77,Card,Completed
ORD-10601,2025-02-20,CUST-1038,South,Clothing,Shirt,11,8578.94,5,89649.92,60359.99,29289.93,Cash,Completed
ORD-10602,2025-12-08,CUST-1186,North,Sports,Racket,4,5743.88,10,20677.97,13015.53,7662.44,Card,Completed
ORD-10603,2025-10-01,CUST-1065,Central,Electronics,Mouse,1,123241.56,15,104755.33,89193.76,15561.57,Cash,Completed
ORD-10604,2025-08-04,CUST-1315,,Electronics,Laptop,2,116807.8,5,221934.82,125126.47,96808.35,Cash,Completed
ORD-10605,2025-03-25,CUST-1190,North,Sports,Football,5,8208.87,5,38992.13,26337.43,12654.7,Digital Wallet,Completed
ORD-10606,2025-03-07,CUST-1184,East,Furniture,Desk,1,44347.59,0,44347.59,25892.86,18454.73,Bank Transfer,Completed
ORD-10607,2025-07-22,CUST-1142,East,Clothing,Jacket,12,7818.04,15,79744.01,59969.8,19774.21,Card,Completed
ORD-10608,2025-12-26,CUST-1339,South,Furniture,Desk,11,62772.46,0,690497.06,442111.9,248385.16,Cash,Completed
ORD-10609,2025-12-14,CUST-1233,South,Books,Python Book,7,3345.63,5,22248.44,18338.25,3910.19,Digital Wallet,Completed
ORD-10610,2025-11-17,CUST-1254,East,Books,Math Book,6,5911.87,15,30150.54,22676.74,7473.8,Digital Wallet,Completed
ORD-10611,2025-07-28,CUST-1146,South,Sports,Helmet,12,2190.54,0,26286.48,21292.02,4994.46,Card,Returned
ORD-10612,2025-09-21,CUST-1259,West,Furniture,Shelf,4,62087.21,0,248348.84,133755.83,114593.01,Bank Transfer,Completed
ORD-10613,2025-09-03,CUST-1082,East,Sports,Helmet,11,5526.88,10,54716.11,44953.04,9763.07,Digital Wallet,Completed
ORD-10614,2025-05-22,CUST-1166,South,Electronics,Tablet,3,165625.81,5,472033.56,326162.35,145871.21,Digital Wallet,Returned
ORD-10615,2025-04-16,CUST-1010,West,Books,History Book,1,2137.36,15,1816.76,1123.92,692.83,Card,Completed
ORD-10616,2025-04-07,CUST-1258,West,Furniture,Chair,11,16130.5,0,177435.5,129401.04,48034.46,Cash,Completed
ORD-10617,2025-03-02,CUST-1144,Central,Electronics,Mouse,1,58628.74,20,46902.99,36680.6,10222.39,Bank Transfer,Returned
ORD-10618,2025-11-01,CUST-1024,Central,Sports,Bat,2,17991.9,0,35983.8,21934.42,14049.38,Card,Completed
ORD-10619,2025-01-03,CUST-1172,North,Furniture,Shelf,8,82989.49,5,630720.12,444285.95,186434.17,Card,Cancelled
ORD-10620,2025-08-10,CUST-1281,Central,Books,Math Book,5,3718.96,0,18594.8,13398.98,5195.82,Bank Transfer,Cancelled
ORD-10621,2025-04-06,CUST-1215,East,Books,Novel,10,824.1,5,7828.95,5755.08,2073.87,Bank Transfer,Returned
ORD-10622,2025-11-19,CUST-1191,Central,Furniture,Chair,7,16968.53,0,118779.71,96790.54,21989.17,Bank Transfer,Cancelled
ORD-10623,2025-01-15,CUST-1139,East,Books,Novel,10,4999.4,0,49994.0,39782.17,10211.83,Digital Wallet,Returned
ORD-10624,2025-02-18,CUST-1184,Central,Furniture,Chair,12,85701.96,,1028423.52,626475.27,401948.25,Cash,Completed
ORD-10625,2025-07-25,CUST-1289,North,Electronics,Tablet,6,158389.96,0,950339.76,684916.59,265423.17,Digital Wallet,Completed
ORD-10626,2025-07-09,CUST-1250,West,Furniture,Shelf,8,65890.47,10,474411.38,388110.92,86300.46,Cash,Completed
ORD-10627,2025-06-04,CUST-1186,Central,Books,Math Book,7,5500.93,5,36581.18,26344.46,10236.72,Card,Returned
ORD-10628,2025-12-02,CUST-1043,East,Furniture,Chair,7,23415.77,5,155714.87,94989.29,60725.58,Card,Completed
ORD-10629,2025-09-10,CUST-1008,North,Books,History Book,4,4684.19,15,15926.25,12306.78,3619.47,Digital Wallet,Completed
ORD-10630,2025-11-09,CUST-1029,South,Books,Math Book,1,2683.05,10,2414.75,1957.45,457.3,Card,Completed
ORD-10631,2025-09-29,CUST-1237,Central,Books,Novel,1,4187.99,10,3769.19,2616.66,1152.53,Cash,Completed
ORD-10632,2025-02-18,CUST-1307,South,Sports,Helmet,10,19015.21,15,161629.28,153070.63,8558.65,Bank Transfer,Completed
ORD-10633,2025-05-23,CUST-1123,West,Clothing,Jeans,3,14538.94,20,34893.46,28374.91,6518.55,Bank Transfer,Completed
ORD-10634,2025-03-11,CUST-1255,East,Electronics,Keyboard,7,130175.11,0,911225.77,548931.2,362294.57,Cash,Completed
ORD-10635,2025-07-18,CUST-1327,North,Clothing,Shoes,3,11280.6,15,28765.53,24647.84,4117.69,Card,Completed
ORD-10636,2025-01-01,CUST-1297,Central,Electronics,Laptop,12,44062.76,0,528753.12,414519.87,114233.25,Digital Wallet,Completed
ORD-10637,2025-03-27,CUST-1110,Central,Sports,Football,5,6684.49,5,31751.33,23035.86,8715.47,Bank Transfer,Completed
ORD-10638,2025-01-01,CUST-1024,East,Electronics,Tablet,11,164201.59,20,1444973.99,1185917.96,259056.04,Digital Wallet,Completed
ORD-10639,2025-12-16,CUST-1321,North,Sports,Bat,8,11789.71,0,94317.68,49092.55,45225.13,Card,Returned
ORD-10640,2025-03-08,CUST-1212,Central,Furniture,Chair,4,70601.22,10,254164.39,165945.33,88219.06,Bank Transfer,Cancelled
ORD-10641,2025-08-09,CUST-1309,East,Furniture,Desk,2,16320.34,10,29376.61,23520.16,5856.45,Cash,Completed
ORD-10642,2025-07-21,CUST-1325,East,Books,History Book,3,5908.19,5,16838.34,9473.14,7365.21,Bank Transfer,Returned
ORD-10643,2025-02-24,CUST-1097,North,Electronics,Tablet,2,109790.24,0,219580.48,147274.33,72306.15,Card,Returned
ORD-10644,2025-11-08,CUST-1222,West,Electronics,Tablet,12,69521.85,20,667409.76,625500.93,41908.83,Cash,Cancelled
ORD-10645,2025-03-03,CUST-1320,North,Electronics,Keyboard,11,58637.41,5,612760.93,400726.13,212034.8,Digital Wallet,Completed
ORD-10646,2025-09-05,CUST-1164,North,Books,History Book,8,2657.05,5,20193.58,11179.61,9013.97,Digital Wallet,Completed
ORD-10647,2025-01-22,CUST-1085,Central,Electronics,Tablet,1,56610.35,20,45288.28,46176.49,-888.21,Bank Transfer,Completed
ORD-10648,2025-02-22,CUST-1062,South,Furniture,Shelf,8,16886.97,0,135095.76,72191.88,62903.88,Cash,Cancelled
ORD-10649,2025-10-25,CUST-1088,West,Furniture,Sofa,2,14217.06,20,22747.3,19482.34,3264.96,Digital Wallet,Completed
ORD-10650,2025-11-18,CUST-1053,Central,Books,Python Book,12,1024.66,15,10451.53,7013.1,3438.43,Cash,Completed
ORD-10651,2025-02-12,CUST-1101,South,Furniture,Desk,12,47341.78,5,539696.29,321968.74,217727.55,Digital Wallet,Completed
ORD-10652,2025-10-24,CUST-1109,South,Electronics,Mouse,1,5826.88,20,4661.5,3563.56,1097.95,Cash,Completed
ORD-10653,2025-08-01,CUST-1044,South,Books,AI Book,1,3950.78,5,3753.24,3141.91,611.33,Bank Transfer,Completed
ORD-10654,2025-01-11,CUST-1275,West,Clothing,Jacket,8,14910.36,0,119282.88,80481.31,38801.57,Cash,Completed
ORD-10655,2025-01-10,CUST-1257,South,Books,AI Book,1,,5,1864.97,1368.37,496.61,Bank Transfer,Cancelled
ORD-10656,2025-09-05,CUST-1348,East,Electronics,Mouse,10,28842.83,20,230742.64,211943.82,18798.82,Card,Completed
ORD-10657,2025-04-30,CUST-1344,Central,Sports,Bat,12,8269.12,15,84345.02,57161.74,27183.29,Cash,Completed
ORD-10658,2025-08-24,CUST-1180,East,Furniture,Chair,4,33457.63,10,120447.47,99739.24,20708.23,Cash,Completed
ORD-10659,2025-06-27,CUST-1343,East,Clothing,Jacket,5,9065.62,5,43061.7,23595.44,19466.26,Bank Transfer,Completed
ORD-10660,2025-09-23,CUST-1230,West,Clothing,Shoes,7,2688.21,0,18817.47,11475.11,7342.36,Digital Wallet,Completed
ORD-10661,2025-07-11,CUST-1341,Central,Clothing,Shoes,4,11015.86,0,44063.44,27242.61,16820.83,Cash,Completed
ORD-10662,2025-01-28,CUST-1061,Central,Clothing,Jacket,2,14850.98,0,29701.96,16014.73,13687.23,Cash,Returned
ORD-10663,2025-03-13,CUST-1105,South,Books,Math Book,12,516.51,15,5268.4,4408.05,860.35,Cash,Cancelled
ORD-10664,2025-09-11,CUST-1053,East,Books,AI Book,9,1410.07,15,10787.04,7974.39,2812.65,Digital Wallet,Completed
ORD-10665,2025-04-15,CUST-1182,South,Furniture,Desk,2,49014.4,10,88225.92,65639.15,22586.77,Card,Completed
ORD-10666,2025-04-06,CUST-1091,North,Clothing,Jacket,3,1364.47,5,3888.74,2737.21,1151.53,Digital Wallet,Completed
ORD-10667,2025-07-22,CUST-1112,Central,Furniture,Shelf,9,85970.03,15,657670.73,471681.35,185989.38,Cash,Completed
ORD-10668,2025-02-15,CUST-1084,West,Furniture,Cabinet,11,59762.07,5,624513.63,435903.24,188610.39,Card,Completed
ORD-10669,2025-09-07,CUST-1285,South,Sports,Football,2,20532.8,5,39012.32,33266.56,5745.76,Digital Wallet,Completed
ORD-10670,2025-03-25,CUST-1225,South,Furniture,Chair,11,78517.76,15,734141.06,602460.28,131680.77,Cash,Returned
ORD-10671,2025-07-12,CUST-1069,East,Clothing,Shoes,5,6657.23,15,28293.23,21824.58,6468.65,Cash,Completed
ORD-10672,2025-07-19,CUST-1328,Central,Furniture,Desk,3,82092.93,5,233964.85,189703.1,44261.75,Bank Transfer,Cancelled
ORD-10673,2025-05-16,CUST-1266,Central,Clothing,Cap,3,1385.06,15,3531.9,2772.33,759.57,Bank Transfer,Completed
ORD-10674,2025-11-11,CUST-1307,Central,Clothing,Cap,3,6164.0,10,16642.8,14469.16,2173.64,Card,Completed
ORD-10675,2025-12-01,CUST-1067,North,Furniture,Cabinet,4,66186.65,0,264746.6,169564.64,95181.96,Card,Completed
ORD-10676,2025-05-20,CUST-1188,Central,Electronics,Monitor,1,114291.98,0,114291.98,89459.63,24832.35,Cash,Completed
ORD-10677,2025-10-31,CUST-1328,East,Books,Math Book,3,5273.97,20,12657.53,9903.89,2753.64,Cash,Completed
ORD-10678,2025-10-02,CUST-1262,North,Clothing,Shoes,4,4917.84,15,16720.66,13406.49,3314.17,Card,Completed
ORD-10679,2025-01-31,CUST-1041,North,Electronics,Laptop,7,49284.96,5,327744.98,222976.85,104768.14,Digital Wallet,Completed
ORD-10680,2025-10-20,CUST-1234,West,Clothing,Cap,7,2638.38,10,16621.79,9650.48,6971.31,Cash,Cancelled
ORD-10681,2025-11-05,CUST-1244,West,Sports,Gloves,11,23519.91,20,206975.21,157441.33,49533.88,Card,Returned
ORD-10682,2025-10-22,CUST-1240,,Clothing,Shirt,1,13493.91,0,13493.91,8415.09,5078.82,Cash,Cancelled
ORD-10683,2025-04-21,CUST-1198,Central,Clothing,Shirt,4,14371.44,10,51737.18,45310.79,6426.39,Card,Completed
ORD-10684,2025-06-22,CUST-1333,Central,Electronics,Keyboard,6,13228.93,10,71436.22,60411.11,11025.11,Digital Wallet,Returned
ORD-10685,2025-07-08,CUST-1307,South,Electronics,Tablet,4,173849.76,20,556319.23,437739.98,118579.25,Digital Wallet,Returned
ORD-10686,2025-10-11,CUST-1088,West,Books,Novel,7,2386.68,15,14200.75,9487.08,4713.67,Card,Completed
ORD-10687,2025-11-12,CUST-1061,Central,Electronics,Monitor,7,49163.69,5,326938.54,251961.22,74977.32,Digital Wallet,Returned
ORD-10688,2025-07-14,CUST-1214,East,Books,AI Book,11,1025.37,10,10151.16,5919.24,4231.93,Card,Completed
ORD-10689,2025-10-27,CUST-1003,North,Electronics,Mouse,10,27523.32,10,247709.88,164204.31,83505.57,Cash,Completed
ORD-10690,2025-05-13,CUST-1284,South,Furniture,Desk,4,48196.18,20,154227.78,120996.57,33231.21,Card,Completed
ORD-10691,2025-01-27,CUST-1123,South,Furniture,Cabinet,10,74699.85,0,746998.5,428717.05,318281.45,Bank Transfer,Cancelled
ORD-10692,2025-11-05,CUST-1220,South,Books,Math Book,5,4688.2,10,21096.9,14853.64,6243.26,Bank Transfer,Completed
ORD-10693,2025-05-14,CUST-1316,East,Furniture,Desk,4,4159.66,5,15806.71,8738.51,7068.2,Cash,Completed
ORD-10694,2025-01-15,CUST-1222,North,Electronics,Laptop,1,75047.04,0,75047.04,46046.7,29000.34,Digital Wallet,Completed
ORD-10695,2025-08-22,CUST-1274,South,Sports,Helmet,7,5757.52,5,38287.51,23731.99,14555.51,Bank Transfer,Returned
ORD-10696,2025-05-06,CUST-1127,North,Furniture,Cabinet,9,28743.52,20,206953.34,159263.56,47689.78,Card,Completed
ORD-10697,2025-12-19,CUST-1070,South,Sports,Gloves,1,23157.2,20,18525.76,13891.91,4633.85,Digital Wallet,Cancelled
ORD-10698,2025-11-11,CUST-1087,,Furniture,Cabinet,5,70557.99,5,335150.45,221980.48,113169.98,Cash,Completed
ORD-10699,2025-03-29,CUST-1041,Central,Clothing,Jeans,12,9417.56,0,113010.72,71187.16,41823.56,Cash,Returned
ORD-10700,2025-08-17,CUST-1029,North,Clothing,Jacket,8,14295.35,15,97208.38,67111.42,30096.96,Card,Returned
ORD-10701,2025-10-13,CUST-1012,South,Sports,Bat,10,17970.59,0,179705.9,136397.65,43308.25,Card,Completed
ORD-10702,2025-03-23,CUST-1102,North,Electronics,Laptop,5,36404.6,10,163820.7,139373.91,24446.79,Digital Wallet,Completed
ORD-10703,2025-10-17,CUST-1047,Central,Electronics,Monitor,9,153812.55,20,1107450.36,766688.06,340762.3,Digital Wallet,Cancelled
ORD-10704,2025-03-15,CUST-1087,West,Books,History Book,8,3098.7,0,24789.6,16184.35,8605.25,Card,Cancelled
ORD-10705,2025-01-31,CUST-1145,South,Books,History Book,5,4145.29,0,20726.45,13062.6,7663.85,Card,Completed
ORD-10706,2025-07-09,CUST-1124,East,Furniture,Chair,4,58454.51,5,222127.14,186428.8,35698.34,Card,Cancelled
ORD-10707,2025-08-07,CUST-1056,East,Electronics,Keyboard,12,155457.54,20,1492392.38,1136051.53,356340.86,Bank Transfer,Cancelled
ORD-10708,2025-04-07,CUST-1251,Central,Electronics,Keyboard,4,39019.29,20,124861.73,94899.5,29962.23,Cash,Returned
ORD-10709,2025-06-19,CUST-1123,North,Clothing,Jeans,10,14724.25,10,132518.25,95509.64,37008.61,Card,Completed
ORD-10710,2025-01-18,CUST-1327,North,Sports,Helmet,3,4335.87,15,11056.47,8522.92,2533.54,Cash,Completed
ORD-10711,2025-03-25,CUST-1237,North,Furniture,Shelf,6,73305.5,10,395849.7,340549.26,55300.44,Card,Completed
ORD-10712,2025-08-13,CUST-1243,South,Clothing,Jacket,2,11500.01,15,19550.02,13913.14,5636.88,Bank Transfer,Completed
ORD-10713,2025-07-11,CUST-1138,East,Electronics,Laptop,5,157881.81,5,749938.6,505908.21,244030.39,Digital Wallet,Completed
ORD-10714,2025-05-17,CUST-1099,East,Furniture,Sofa,2,36734.53,20,58775.25,48962.54,9812.71,Card,Completed
ORD-10715,2025-09-01,CUST-1345,North,Electronics,Monitor,7,146951.64,0,1028661.48,811172.93,217488.55,Digital Wallet,Completed
ORD-10716,2025-07-01,CUST-1089,West,Books,AI Book,6,3110.57,15,15863.91,11534.27,4329.64,Cash,Completed
ORD-10717,2025-07-01,CUST-1227,Central,Books,AI Book,9,2123.08,0,19107.72,11471.91,7635.81,Card,Completed
ORD-10718,2025-11-19,CUST-1064,East,Furniture,Cabinet,7,33923.1,5,225588.61,138729.75,86858.87,Digital Wallet,Completed
ORD-10719,2025-10-14,CUST-1200,Central,Books,Novel,10,2569.37,10,23124.33,13913.35,9210.98,Cash,Completed
ORD-10720,2025-08-29,CUST-1263,East,Clothing,Shirt,4,10053.11,5,38201.82,32579.97,5621.85,Bank Transfer,Completed
ORD-10721,2025-09-03,CUST-1167,South,Sports,Football,12,15102.05,15,154040.91,128230.46,25810.45,Cash,Completed
ORD-10722,2025-12-22,CUST-1328,East,Sports,Bat,1,17865.2,5,16971.94,13487.03,3484.91,Card,Returned
ORD-10723,2025-07-03,CUST-1076,South,Books,History Book,10,4099.39,5,38944.21,22432.12,16512.09,Card,Returned
ORD-10724,2025-02-15,CUST-1037,South,Electronics,Keyboard,1,165740.79,0,165740.79,116194.24,49546.55,Card,Completed
ORD-10725,2025-01-25,CUST-1086,East,Furniture,Shelf,8,73170.5,15,497559.4,443852.05,53707.35,Cash,Completed
ORD-10726,2025-11-20,CUST-1227,West,Clothing,Shoes,4,6506.98,0,26027.92,18373.23,7654.69,Bank Transfer,Completed
ORD-10727,2025-02-25,CUST-1288,East,Furniture,Shelf,12,17643.93,0,211727.16,147187.64,64539.52,Bank Transfer,Returned
ORD-10728,2025-04-12,CUST-1177,North,Electronics,Mouse,10,63451.99,0,634519.9,427176.46,207343.44,Cash,Cancelled
ORD-10729,2025-08-15,CUST-1200,South,Electronics,Monitor,3,3409.54,0,10228.62,6915.72,3312.9,Bank Transfer,Completed
ORD-10730,2025-04-07,CUST-1229,East,Clothing,Jeans,2,14274.8,10,25694.64,17707.16,7987.48,Bank Transfer,Completed
ORD-10731,2025-05-29,CUST-1148,West,Furniture,Chair,12,5483.45,5,62511.33,50415.0,12096.33,Cash,Completed
ORD-10732,2025-02-16,CUST-1108,East,Furniture,Shelf,4,21760.36,0,87041.44,63182.15,23859.29,Card,Completed
ORD-10733,2025-04-24,CUST-1117,South,Clothing,Shoes,2,9438.13,0,18876.26,14038.42,4837.84,Digital Wallet,Completed
ORD-10734,2025-01-10,CUST-1300,North,Electronics,Laptop,8,123932.56,15,842741.41,520193.66,322547.75,Card,Completed
ORD-10735,2025-05-06,CUST-1024,East,Electronics,Tablet,10,50305.64,20,402445.12,341609.22,60835.9,Card,Returned
ORD-10736,2025-07-03,CUST-1009,East,Sports,Helmet,6,5112.47,5,29141.08,17240.34,11900.74,Digital Wallet,Cancelled
ORD-10737,2025-01-30,CUST-1041,East,Books,Python Book,11,2688.85,5,28098.48,18602.47,9496.01,Card,Completed
ORD-10738,2025-03-10,CUST-1265,North,Furniture,Sofa,3,80176.7,15,204450.58,167658.11,36792.47,Digital Wallet,Cancelled
ORD-10739,2025-07-16,CUST-1046,North,Books,Novel,9,3415.52,15,26128.73,24703.32,1425.41,Card,Completed
ORD-10740,2025-01-15,CUST-1320,Central,Clothing,Shirt,11,14155.27,10,140137.17,100599.47,39537.7,Cash,Cancelled
ORD-10741,2025-02-22,CUST-1167,East,Electronics,Laptop,10,75429.35,5,716578.82,586472.76,130106.06,Digital Wallet,Cancelled
ORD-10742,2025-12-28,CUST-1281,South,Clothing,Shirt,10,3524.61,0,35246.1,24152.06,11094.04,Digital Wallet,Returned
ORD-10743,2025-08-09,CUST-1260,North,Clothing,Jacket,6,12008.72,15,61244.47,50029.16,11215.31,Digital Wallet,Completed
ORD-10744,2025-06-13,CUST-1039,North,Clothing,Shirt,1,14658.62,15,12459.83,8763.96,3695.86,Digital Wallet,Completed
ORD-10745,2025-06-24,CUST-1219,East,Furniture,Sofa,6,17712.35,0,106274.1,78519.16,27754.94,Cash,Completed
ORD-10746,2025-06-16,CUST-1237,South,Furniture,Cabinet,7,70529.6,20,394965.76,296468.05,98497.71,Cash,Completed
ORD-10747,2025-09-10,CUST-1160,West,Electronics,Keyboard,5,86818.21,10,390681.95,333309.06,57372.89,Card,Completed
ORD-10748,2025-11-25,CUST-1264,East,Furniture,Cabinet,3,77065.16,15,196516.16,147045.21,49470.95,Card,Completed
ORD-10749,2025-12-20,CUST-1081,West,Books,Python Book,10,3591.8,5,34122.1,26111.76,8010.34,Bank Transfer,Completed
ORD-10750,2025-02-28,CUST-1191,East,Furniture,Shelf,10,37999.29,5,360993.26,222973.08,138020.17,Cash,Completed
ORD-10751,2025-09-19,CUST-1128,East,Furniture,Chair,12,69546.46,15,709373.89,598179.21,111194.69,Cash,Completed
ORD-10752,2025-07-29,CUST-1233,Central,Clothing,Shoes,12,10842.88,15,110597.38,85276.87,25320.51,Bank Transfer,Completed
ORD-10753,2025-01-26,CUST-1031,East,Books,History Book,2,2287.77,5,4346.76,3123.41,1223.35,Card,Returned
ORD-10754,2025-01-18,CUST-1327,Central,Books,Python Book,6,3806.66,0,22839.96,13504.71,9335.25,Bank Transfer,Completed
ORD-10755,2025-05-23,CUST-1092,North,Electronics,Keyboard,4,70675.72,10,254432.59,185143.07,69289.53,Cash,Completed
ORD-10756,2025-06-11,CUST-1301,Central,Furniture,Shelf,6,52417.66,15,267330.07,171608.08,95721.99,Cash,Returned
ORD-10757,2025-07-29,CUST-1163,North,Furniture,Shelf,8,7424.4,5,56425.44,43992.09,12433.35,Cash,Completed
ORD-10758,2025-06-23,CUST-1106,Central,Books,History Book,9,1977.54,10,16018.07,9501.4,6516.67,Bank Transfer,Completed
ORD-10759,2025-04-05,CUST-1174,Central,Books,Math Book,8,2059.62,10,14829.26,10115.74,4713.52,Digital Wallet,Completed
ORD-10760,2025-07-01,CUST-1128,East,Clothing,Jacket,2,11591.7,20,18546.72,13786.53,4760.19,Cash,Completed
ORD-10761,2025-04-25,CUST-1287,West,Electronics,Laptop,1,155682.6,0,155682.6,81085.07,74597.53,Cash,Completed
ORD-10762,2025-10-08,CUST-1343,West,Books,History Book,11,2021.29,5,21122.48,15924.77,5197.71,Card,Cancelled
ORD-10763,2025-06-16,CUST-1318,West,Books,AI Book,8,4767.16,20,30509.82,30063.64,446.18,Card,Completed
ORD-10764,2025-12-21,CUST-1327,West,Electronics,Monitor,6,134711.93,0,808271.58,552340.09,255931.49,Cash,Completed
ORD-10765,2025-06-22,CUST-1254,South,Sports,Gloves,4,15605.61,5,59301.32,35586.88,23714.43,Cash,Completed
ORD-10766,2025-08-31,CUST-1202,North,Clothing,Cap,8,5752.59,15,39117.61,27910.65,11206.96,Cash,Completed
ORD-10767,2025-12-18,CUST-1285,Central,Clothing,Jacket,11,5584.97,0,61434.67,45680.45,15754.22,Digital Wallet,Completed
ORD-10768,2025-07-27,CUST-1142,Central,Electronics,Keyboard,11,114680.72,15,1072264.73,942612.24,129652.49,Digital Wallet,Completed
ORD-10769,2025-06-19,CUST-1002,South,Electronics,Tablet,5,46628.41,5,221484.95,186456.32,35028.63,Digital Wallet,Completed
ORD-10770,2025-05-11,CUST-1108,Central,Clothing,Jacket,4,7753.03,10,27910.91,22703.43,5207.47,Card,Completed
ORD-10771,2025-02-10,CUST-1123,North,Furniture,Shelf,7,50115.5,10,315727.65,195605.24,120122.41,Cash,Returned
ORD-10772,2025-02-01,CUST-1240,South,Books,AI Book,3,1349.59,15,3441.45,2520.84,920.61,Card,Completed
ORD-10773,2025-09-07,CUST-1209,South,Clothing,Shoes,3,9188.6,10,24809.22,17059.08,7750.14,Card,Completed
ORD-10774,2025-01-05,CUST-1264,South,Clothing,Shoes,10,14412.49,5,136918.65,102700.31,34218.34,Bank Transfer,Completed
ORD-10775,2025-06-17,CUST-1108,West,Furniture,Desk,12,42156.41,15,429995.38,414075.14,15920.24,Card,Returned
ORD-10776,2025-04-17,CUST-1028,North,Sports,Helmet,10,17279.52,0,172795.2,97804.97,74990.23,Cash,Completed
ORD-10777,2025-06-09,CUST-1322,Central,Electronics,Tablet,8,121979.55,0,975836.4,569190.35,406646.05,Cash,Cancelled
ORD-10778,2025-07-05,CUST-1080,West,Clothing,Cap,8,8529.11,10,61409.59,38769.09,22640.5,Cash,Completed
ORD-10779,2025-12-11,CUST-1339,East,Electronics,Mouse,11,54054.81,0,594602.91,315282.9,279320.01,Digital Wallet,Completed
ORD-10780,2025-08-02,CUST-1201,North,Books,AI Book,8,4123.68,5,31339.97,23042.08,8297.89,Digital Wallet,Returned
ORD-10781,2025-03-27,CUST-1300,South,Books,Novel,1,3923.27,15,3334.78,2140.96,1193.81,Digital Wallet,Completed
ORD-10782,2025-06-09,CUST-1014,West,Electronics,Mouse,8,156196.57,15,1062136.68,700618.89,361517.78,Cash,Cancelled
ORD-10783,2025-08-18,CUST-1168,Central,Electronics,Mouse,11,64153.76,10,635122.22,486766.24,148355.99,Card,Completed
ORD-10784,2025-01-19,CUST-1227,South,Books,Novel,2,1766.27,20,2826.03,2020.05,805.98,Digital Wallet,Completed
ORD-10785,2025-07-05,CUST-1015,South,Electronics,Keyboard,6,151031.45,20,724950.96,533036.93,191914.03,Cash,Returned
ORD-10786,2025-01-27,CUST-1121,Central,Furniture,Sofa,2,51743.63,5,98312.9,84466.34,13846.56,Card,Cancelled
ORD-10787,2025-02-16,CUST-1159,East,Clothing,Jeans,2,8425.76,15,14323.79,13499.56,824.23,Digital Wallet,Completed
ORD-10788,2025-11-04,CUST-1335,East,Furniture,Desk,12,4951.5,5,56447.1,47861.97,8585.13,Bank Transfer,Cancelled
ORD-10789,2025-03-28,CUST-1170,East,Electronics,Laptop,5,30097.67,20,120390.68,82566.51,37824.17,Card,Completed
ORD-10790,2025-07-27,CUST-1202,South,Furniture,Sofa,9,4993.65,5,42695.71,35033.03,7662.68,Digital Wallet,Completed
ORD-10791,2025-06-11,CUST-1269,Central,Furniture,Shelf,10,64743.37,0,647433.7,366562.09,280871.61,Bank Transfer,Completed
ORD-10792,2025-08-24,CUST-1230,North,Sports,Football,7,10394.38,5,69122.63,58800.27,10322.35,Bank Transfer,Returned
ORD-10793,2025-09-03,CUST-1313,Central,Sports,Helmet,7,24807.88,0,173655.16,133741.75,39913.41,Cash,Completed
ORD-10794,2025-04-01,CUST-1316,South,Clothing,Jacket,9,9635.7,,78049.17,68806.43,9242.74,Bank Transfer,Completed
ORD-10795,2025-12-25,CUST-1148,West,Clothing,Jacket,5,10901.57,15,46331.67,41909.41,4422.26,Cash,Cancelled
ORD-10796,2025-05-22,CUST-1291,South,Sports,Bat,9,17023.21,0,153208.89,85349.5,67859.39,Bank Transfer,Completed
ORD-10797,2025-11-18,CUST-1072,North,Books,Math Book,5,2647.47,5,12575.48,7033.33,5542.16,Bank Transfer,Cancelled
ORD-10798,2025-04-29,CUST-1058,Central,Sports,Gloves,1,9116.65,10,8204.99,6860.46,1344.53,Cash,Completed
ORD-10799,2025-01-05,CUST-1097,West,Furniture,Shelf,9,42505.7,5,363423.73,292804.58,70619.15,Cash,Cancelled
ORD-10800,2025-05-29,CUST-1236,South,Furniture,Sofa,1,26066.1,5,24762.79,18176.79,6586.0,Card,Completed
ORD-10801,2025-04-03,CUST-1109,Central,Sports,Bat,2,16739.08,5,31804.25,18895.89,12908.36,Bank Transfer,Completed
ORD-10802,2025-02-21,CUST-1349,,Electronics,Mouse,3,38172.22,15,97339.16,64035.21,33303.95,Digital Wallet,Completed
ORD-10803,2025-06-22,CUST-1025,South,Clothing,Shoes,5,10138.99,0,50694.95,32885.27,17809.68,Cash,Completed
ORD-10804,2025-02-25,CUST-1142,Central,Books,Math Book,6,1496.68,20,7184.06,5592.67,1591.39,Bank Transfer,Completed
ORD-10805,2025-05-10,CUST-1263,South,Furniture,Shelf,11,18892.51,5,197426.73,133735.93,63690.8,Digital Wallet,Completed
ORD-10806,2025-10-25,CUST-1091,East,Sports,Football,5,8234.26,5,39112.74,28855.04,10257.69,Cash,Completed
ORD-10807,2025-06-11,CUST-1195,West,Furniture,Cabinet,2,7910.1,0,15820.2,10873.57,4946.63,Bank Transfer,Completed
ORD-10808,2025-09-09,CUST-1312,East,Clothing,Cap,10,12357.51,0,123575.1,93769.01,29806.09,Digital Wallet,Completed
ORD-10809,2025-05-03,CUST-1277,Central,Sports,Helmet,10,5124.37,0,51243.7,36597.45,14646.25,Card,Completed
ORD-10810,2025-01-02,CUST-1176,West,Furniture,Desk,11,71967.66,5,752062.05,470905.93,281156.12,Digital Wallet,Returned
ORD-10811,2025-05-21,CUST-1168,West,Electronics,Monitor,1,65870.24,20,52696.19,38071.99,14624.2,Card,Cancelled
ORD-10812,2025-05-05,CUST-1100,North,Clothing,Jeans,4,11523.85,0,46095.4,35257.01,10838.39,Card,Completed
ORD-10813,2025-03-29,CUST-1191,East,Sports,Gloves,10,4215.58,0,42155.8,32566.2,9589.6,Digital Wallet,Completed
ORD-10814,2025-07-19,CUST-1104,East,Clothing,Cap,1,10583.15,15,8995.68,7100.27,1895.41,Digital Wallet,Completed
ORD-10815,2025-10-08,CUST-1139,North,Clothing,Shoes,7,6986.98,5,46463.42,38513.08,7950.34,Bank Transfer,Completed
ORD-10816,2025-03-28,CUST-1117,North,Clothing,Jacket,11,10729.6,0,118025.6,93399.97,24625.63,Card,Cancelled
ORD-10817,2025-11-14,CUST-1051,East,Books,AI Book,8,1985.62,0,15884.96,10436.2,5448.76,Card,Completed
ORD-10818,2025-06-18,CUST-1147,East,Sports,Gloves,3,23662.28,20,56789.47,45951.41,10838.06,Digital Wallet,Cancelled
ORD-10819,2025-08-20,CUST-1302,North,Clothing,Shoes,8,14960.29,10,107714.09,89566.87,18147.22,Digital Wallet,Completed
ORD-10820,2025-09-07,CUST-1004,North,Clothing,Shoes,7,9461.47,5,62918.78,44231.45,18687.33,Digital Wallet,Completed
ORD-10821,2025-02-24,CUST-1171,West,Electronics,Tablet,8,107615.69,15,731786.69,554479.45,177307.24,Bank Transfer,Completed
ORD-10822,2025-08-04,CUST-1229,South,Electronics,Monitor,9,15401.81,5,131685.48,104444.84,27240.64,Cash,Completed
ORD-10823,2025-07-25,CUST-1165,West,Clothing,Shirt,7,1569.03,20,8786.57,8261.43,525.14,Card,Cancelled
ORD-10824,2025-04-20,CUST-1025,West,Books,Novel,1,3491.12,5,3316.56,2004.11,1312.45,Card,Completed
ORD-10825,2025-01-25,CUST-1065,West,Electronics,Laptop,5,86160.61,0,430803.05,262630.5,168172.55,Digital Wallet,Completed
ORD-10826,2025-08-02,CUST-1098,West,Clothing,Shoes,3,4467.35,5,12731.95,9486.23,3245.71,Cash,Completed
ORD-10827,2025-11-12,CUST-1318,North,Books,History Book,4,4390.05,20,14048.16,10777.91,3270.25,Cash,Returned
ORD-10828,2025-10-30,CUST-1005,Central,Sports,Racket,11,22127.35,15,206890.72,181877.44,25013.28,Digital Wallet,Cancelled
ORD-10829,2025-04-13,CUST-1130,South,Clothing,Shirt,12,998.34,15,10183.07,7023.25,3159.82,Card,Completed
ORD-10830,2025-01-21,CUST-1299,North,Clothing,Shirt,6,1261.83,0,7570.98,4208.14,3362.84,Cash,Returned
ORD-10831,2025-11-19,CUST-1289,East,Sports,Racket,8,1220.06,0,9760.48,5456.02,4304.46,Bank Transfer,Cancelled
ORD-10832,2025-12-05,CUST-1319,Central,Sports,Bat,11,21074.03,5,220223.61,124351.92,95871.69,Bank Transfer,Completed
ORD-10833,2025-09-27,CUST-1203,East,Sports,Racket,6,11749.15,10,63445.41,49063.25,14382.16,Bank Transfer,Completed
ORD-10834,2025-04-02,CUST-1140,West,Books,Novel,5,2041.6,0,10208.0,5413.59,4794.41,Cash,Returned
ORD-10835,2025-11-16,CUST-1331,West,Sports,Football,11,1807.94,5,18892.97,10475.3,8417.68,Bank Transfer,Completed
ORD-10836,2025-01-16,CUST-1233,Central,Books,Math Book,10,2031.59,0,20315.9,16074.16,4241.74,Digital Wallet,Completed
ORD-10837,2025-11-14,CUST-1299,East,Electronics,Laptop,4,67179.73,15,228411.08,165732.9,62678.19,Bank Transfer,Completed
ORD-10838,2025-12-28,CUST-1313,,Books,History Book,6,3553.28,0,21319.68,11802.83,9516.85,Cash,Completed
ORD-10839,2025-10-06,CUST-1286,East,Furniture,Chair,2,39442.57,0,78885.14,61835.09,17050.05,Bank Transfer,Returned
ORD-10840,2025-02-25,CUST-1003,West,Furniture,Cabinet,7,61906.16,5,411675.96,313038.37,98637.6,Digital Wallet,Cancelled
ORD-10841,2025-06-19,CUST-1023,South,Sports,Helmet,11,,0,88852.72,63238.92,25613.8,Cash,Completed
ORD-10842,2025-03-04,CUST-1216,Central,Electronics,Tablet,10,27978.83,5,265798.89,159031.92,106766.97,Card,Cancelled
ORD-10843,2025-12-09,CUST-1178,Central,Clothing,Jacket,1,11543.25,10,10388.93,8865.26,1523.67,Digital Wallet,Completed
ORD-10844,2025-09-19,CUST-1112,North,Clothing,Jacket,10,2482.75,5,23586.12,16169.46,7416.66,Bank Transfer,Cancelled
ORD-10845,2025-02-23,CUST-1177,West,Furniture,Desk,2,61401.25,10,110522.25,67238.06,43284.19,Bank Transfer,Completed
ORD-10846,2025-07-16,CUST-1185,South,Sports,Racket,4,6972.45,0,27889.8,15098.26,12791.54,Digital Wallet,Completed
ORD-10847,2025-08-19,CUST-1066,East,Electronics,Keyboard,1,35961.76,0,35961.76,27290.45,8671.31,Digital Wallet,Completed
ORD-10848,2025-01-29,CUST-1327,East,Electronics,Keyboard,11,15733.44,0,173067.84,110998.2,62069.64,Bank Transfer,Returned
ORD-10849,2025-04-05,CUST-1313,North,Books,Math Book,3,1949.29,5,5555.48,3070.01,2485.47,Cash,Cancelled
ORD-10850,2025-03-16,CUST-1075,South,Furniture,Sofa,3,84913.72,15,216529.99,141724.35,74805.63,Bank Transfer,Returned
ORD-10851,2025-09-02,CUST-1161,East,Sports,Football,8,4909.92,5,37315.39,26429.33,10886.06,Bank Transfer,Completed
ORD-10852,2025-12-23,CUST-1091,Central,Furniture,Cabinet,2,73107.4,5,138904.06,110560.35,28343.71,Bank Transfer,Completed
ORD-10853,2025-01-16,CUST-1292,North,Electronics,Tablet,3,129500.88,15,330227.24,248719.9,81507.35,Card,Completed
ORD-10854,2025-01-20,CUST-1114,East,Books,Math Book,10,3334.99,20,26679.92,25931.98,747.94,Digital Wallet,Returned
ORD-10855,2025-09-13,CUST-1004,East,Books,Math Book,7,2108.61,5,14022.26,11229.0,2793.25,Cash,Completed
ORD-10856,2025-12-03,CUST-1247,North,Electronics,Laptop,9,106634.37,5,911723.86,598709.56,313014.3,Card,Completed
ORD-10857,2025-12-24,CUST-1152,West,Books,Novel,8,720.76,20,4612.86,3082.19,1530.67,Bank Transfer,Completed
ORD-10858,2025-11-07,CUST-1133,South,Furniture,Desk,2,25967.36,0,51934.72,40699.46,11235.26,Card,Cancelled
ORD-10859,2025-08-30,CUST-1245,West,Furniture,Chair,6,37701.57,0,226209.42,130914.59,95294.83,Digital Wallet,Completed
ORD-10860,2025-12-31,CUST-1013,South,Books,Math Book,10,,5,36697.36,28948.23,7749.13,Cash,Returned
ORD-10861,2025-03-05,CUST-1063,East,Books,Novel,4,946.21,0,3784.84,2502.76,1282.08,Bank Transfer,Completed
ORD-10862,2025-04-07,CUST-1037,Central,Electronics,Keyboard,3,70991.88,15,181029.29,137075.86,43953.44,Cash,Completed
ORD-10863,2025-05-03,CUST-1208,South,Books,Math Book,9,1621.97,20,11678.18,11687.93,-9.75,Digital Wallet,Completed
ORD-10864,2025-09-05,CUST-1271,South,Electronics,Laptop,12,106934.5,5,1219053.3,1046721.78,172331.52,Card,Completed
ORD-10865,2025-02-11,CUST-1227,North,Electronics,Keyboard,1,32233.24,20,25786.59,18340.04,7446.56,Card,Returned
ORD-10866,2025-05-26,CUST-1033,North,Furniture,Shelf,5,50807.16,20,203228.64,149082.57,54146.07,Bank Transfer,Returned
ORD-10867,2025-02-04,CUST-1081,Central,Sports,Football,8,5934.39,0,47475.12,28472.64,19002.48,Bank Transfer,Returned
ORD-10868,2025-06-11,CUST-1286,West,Furniture,Cabinet,7,44832.79,0,313829.53,209195.49,104634.04,Cash,Completed
ORD-10869,2025-12-14,CUST-1305,Central,Clothing,Jeans,12,6088.77,20,58452.19,50938.8,7513.4,Bank Transfer,Completed
ORD-10870,2025-12-11,CUST-1306,West,Sports,Racket,5,5623.8,20,22495.2,14819.78,7675.42,Card,Returned
ORD-10871,2025-09-19,CUST-1073,West,Clothing,Jeans,3,4000.51,20,9601.22,9743.54,-142.31,Card,Cancelled
ORD-10872,2025-06-03,CUST-1181,Central,Furniture,Cabinet,2,86853.1,0,173706.2,108185.06,65521.14,Bank Transfer,Cancelled
ORD-10873,2025-04-11,CUST-1089,North,Books,Python Book,2,1110.94,5,2110.79,1492.78,618.01,Bank Transfer,Completed
ORD-10874,2025-05-26,CUST-1286,South,Sports,Helmet,7,11382.82,10,71711.77,53927.75,17784.01,Bank Transfer,Returned
ORD-10875,2025-12-25,CUST-1022,East,Clothing,Shoes,11,5163.61,10,51119.74,31100.95,20018.79,Bank Transfer,Cancelled
ORD-10876,2025-09-01,CUST-1236,Central,Sports,Racket,5,16084.73,0,80423.65,43587.49,36836.16,Bank Transfer,Completed
ORD-10877,2025-06-07,CUST-1251,South,Electronics,Monitor,12,44313.02,0,531756.24,317214.37,214541.87,Card,Completed
ORD-10878,2025-11-16,CUST-1087,West,Electronics,Monitor,1,83657.9,5,79475.0,54878.99,24596.01,Bank Transfer,Completed
ORD-10879,2025-09-20,CUST-1111,South,Electronics,Laptop,5,115634.11,15,491444.97,402713.52,88731.45,Bank Transfer,Completed
ORD-10880,2025-09-05,CUST-1113,South,Electronics,Laptop,11,56642.96,5,591918.93,496383.22,95535.72,Digital Wallet,Cancelled
ORD-10881,2025-01-02,CUST-1298,North,Electronics,Laptop,12,85990.78,0,1031889.36,602030.14,429859.22,Bank Transfer,Cancelled
ORD-10882,2025-02-10,CUST-1108,West,Sports,Helmet,9,11990.16,5,102515.87,79614.21,22901.65,Cash,Completed
ORD-10883,2025-12-15,CUST-1217,South,Furniture,Shelf,6,28230.42,20,135506.02,99182.37,36323.65,Digital Wallet,Completed
ORD-10884,2025-11-12,CUST-1112,West,Sports,Racket,12,16526.09,10,178481.77,114857.76,63624.01,Card,Completed
ORD-10885,2025-03-17,CUST-1329,West,Electronics,Keyboard,9,72235.0,10,585103.5,519910.64,65192.86,Digital Wallet,Completed
ORD-10886,2025-10-21,CUST-1237,Central,Sports,Racket,7,20576.34,5,136832.66,108282.89,28549.77,Card,Cancelled
ORD-10887,2025-02-01,CUST-1237,North,Clothing,Cap,11,10786.74,5,112721.43,86674.43,26047.0,Digital Wallet,Cancelled
ORD-10888,2025-04-27,CUST-1181,South,Sports,Bat,11,4723.35,,51956.85,33473.05,18483.8,Cash,Completed
ORD-10889,2025-08-15,CUST-1275,West,Electronics,Mouse,6,11360.13,0,68160.78,39832.64,28328.14,Card,Cancelled
ORD-10890,2025-03-25,CUST-1160,Central,Electronics,Laptop,4,75213.27,5,285810.43,163206.52,122603.91,Digital Wallet,Completed
ORD-10891,2025-11-07,CUST-1007,East,Books,Novel,1,596.84,20,477.47,437.03,40.44,Digital Wallet,Completed
ORD-10892,2025-02-28,CUST-1320,West,Books,Math Book,6,1610.94,20,7732.51,6058.25,1674.26,Card,Completed
ORD-10893,2025-07-22,CUST-1024,East,Sports,Helmet,9,18215.33,20,131150.38,119708.96,11441.41,Card,Returned
ORD-10894,2025-05-22,CUST-1097,Central,Sports,Bat,9,9610.72,5,82171.66,48256.71,33914.95,Bank Transfer,Completed
ORD-10895,2025-12-14,CUST-1009,East,Furniture,Shelf,9,4190.49,0,37714.41,28855.62,8858.79,Cash,Completed
ORD-10896,2025-07-04,CUST-1127,West,Sports,Football,9,10059.25,5,86006.59,49997.51,36009.07,Bank Transfer,Returned
ORD-10897,2025-11-24,CUST-1169,East,Clothing,Jeans,8,7796.05,5,59249.98,47933.63,11316.35,Card,Returned
ORD-10898,2025-02-23,CUST-1243,Central,Furniture,Shelf,4,33328.86,5,126649.67,104914.86,21734.81,Bank Transfer,Completed
ORD-10899,2025-04-23,CUST-1080,,Sports,Football,6,2782.18,15,14189.12,10193.62,3995.5,Cash,Completed
ORD-10900,2025-02-22,CUST-1347,West,Furniture,Chair,3,14875.38,5,42394.83,33352.71,9042.12,Bank Transfer,Returned
ORD-10901,2025-08-30,CUST-1334,East,Clothing,Cap,10,9037.23,10,81335.07,65123.69,16211.38,Digital Wallet,Completed
ORD-10902,2025-02-02,CUST-1107,East,Electronics,Keyboard,7,85445.49,5,568212.51,358370.98,209841.53,Card,Completed
ORD-10903,2025-12-05,CUST-1034,East,Electronics,Laptop,8,162397.21,15,1104301.03,779300.25,325000.78,Card,Completed
ORD-10904,2025-12-06,CUST-1212,West,Electronics,Mouse,1,26587.89,10,23929.1,13914.96,10014.14,Bank Transfer,Completed
ORD-10905,2025-10-25,CUST-1152,West,Furniture,Cabinet,1,63876.56,20,51101.25,40695.49,10405.76,Bank Transfer,Completed
ORD-10906,2025-02-19,CUST-1304,East,Electronics,Mouse,12,39175.05,10,423090.54,274344.24,148746.3,Bank Transfer,Completed
ORD-10907,2025-09-18,CUST-1072,Central,Clothing,Jacket,5,1953.41,20,7813.64,7150.34,663.3,Card,Completed
ORD-10908,2025-12-31,CUST-1052,Central,Electronics,Keyboard,4,51559.07,5,195924.47,128015.24,67909.23,Bank Transfer,Completed
ORD-10909,2025-01-14,CUST-1229,Central,Furniture,Chair,8,76015.17,0,608121.36,404542.7,203578.66,Cash,Completed
ORD-10910,2025-07-25,CUST-1223,West,Furniture,Cabinet,1,17927.81,0,17927.81,13980.77,3947.04,Bank Transfer,Completed
ORD-10911,2025-03-29,CUST-1019,South,Clothing,Cap,5,2069.31,5,9829.22,8464.6,1364.62,Card,Completed
ORD-10912,2025-01-31,CUST-1209,Central,Sports,Football,7,13706.64,0,95946.48,61209.92,34736.56,Bank Transfer,Completed
ORD-10913,2025-08-24,CUST-1049,East,Sports,Football,12,13084.66,5,149165.12,104121.95,45043.17,Cash,Completed
ORD-10914,2025-05-18,CUST-1128,East,Furniture,Sofa,11,25206.36,5,263406.46,182182.9,81223.56,Digital Wallet,Completed
ORD-10915,2025-09-21,CUST-1111,North,Sports,Gloves,8,10925.36,5,83032.74,49385.61,33647.12,Cash,Cancelled
ORD-10916,2025-01-22,CUST-1046,East,Books,History Book,2,4123.73,0,8247.46,5894.75,2352.71,Bank Transfer,Completed
ORD-10917,2025-11-02,CUST-1065,East,Furniture,Cabinet,5,29355.68,15,124761.64,106364.62,18397.02,Card,Completed
ORD-10918,2025-03-14,CUST-1056,West,Books,AI Book,5,5826.75,20,23307.0,23512.88,-205.88,Cash,Cancelled
ORD-10919,2025-12-21,CUST-1040,East,Sports,Helmet,7,22779.88,0,159459.16,97019.18,62439.98,Digital Wallet,Cancelled
ORD-10920,2025-06-07,CUST-1318,West,Electronics,Mouse,11,80175.29,0,881928.19,600073.5,281854.69,Bank Transfer,Cancelled
ORD-10921,2025-11-28,CUST-1296,South,Sports,Football,9,2456.96,15,18795.74,14770.36,4025.39,Digital Wallet,Completed
ORD-10922,2025-06-26,CUST-1315,South,Clothing,Shoes,9,7408.67,20,53342.42,38169.15,15173.28,Digital Wallet,Completed
ORD-10923,2025-04-15,CUST-1140,Central,Clothing,Shirt,12,9488.8,0,113865.6,78893.99,34971.61,Card,Returned
ORD-10924,2025-04-01,CUST-1034,South,Clothing,Jacket,12,12691.34,5,144681.28,113032.42,31648.86,Card,Completed
ORD-10925,2025-09-17,CUST-1270,South,Clothing,Shirt,1,4065.6,10,3659.04,3312.06,346.98,Digital Wallet,Completed
ORD-10926,2025-07-13,CUST-1099,Central,Clothing,Jeans,9,13631.36,,116548.13,77736.8,38811.32,Cash,Completed
ORD-10927,2025-08-18,CUST-1084,East,Sports,Racket,3,17424.8,20,41819.52,40437.83,1381.69,Cash,Cancelled
ORD-10928,2025-09-23,CUST-1021,West,Sports,Helmet,4,22786.41,15,77473.79,49973.82,27499.97,Cash,Returned
ORD-10929,2025-01-27,CUST-1170,East,Furniture,Sofa,9,9588.88,10,77669.93,64077.69,13592.24,Bank Transfer,Returned
ORD-10930,2025-01-22,CUST-1176,South,Books,History Book,8,1876.13,5,14258.59,9547.61,4710.98,Card,Cancelled
ORD-10931,2025-12-05,CUST-1139,North,Electronics,Mouse,11,93977.73,0,1033755.03,733475.86,300279.17,Card,Cancelled
ORD-10932,2025-01-24,CUST-1042,South,Furniture,Sofa,5,43937.44,5,208702.84,117450.4,91252.44,Digital Wallet,Cancelled
ORD-10933,2025-02-20,CUST-1051,West,Clothing,Jacket,2,1925.32,15,3273.04,2118.49,1154.55,Digital Wallet,Cancelled
ORD-10934,2025-09-02,CUST-1070,North,Sports,Helmet,12,6261.59,10,67625.17,53388.08,14237.09,Cash,Completed
ORD-10935,2025-06-28,CUST-1212,Central,Books,Novel,1,912.08,5,866.48,654.18,212.3,Digital Wallet,Completed
ORD-10936,2025-09-10,CUST-1065,South,Sports,Helmet,7,1469.73,10,9259.3,7139.58,2119.72,Cash,Completed
ORD-10937,2025-03-04,CUST-1301,Central,Sports,Racket,3,15606.69,0,46820.07,29915.3,16904.77,Digital Wallet,Returned
ORD-10938,2025-12-02,CUST-1223,North,Electronics,Mouse,11,39190.62,15,366432.3,264333.43,102098.87,Bank Transfer,Completed
ORD-10939,2025-06-11,CUST-1017,Central,Sports,Bat,8,7976.04,,60617.9,52196.75,8421.16,Digital Wallet,Completed
ORD-10940,2025-03-01,CUST-1096,South,Sports,Racket,12,3793.7,10,40971.96,27788.64,13183.32,Cash,Completed
ORD-10941,2025-05-25,CUST-1071,North,Sports,Football,3,1754.43,10,4736.96,3680.15,1056.82,Cash,Completed
ORD-10942,2025-01-23,CUST-1016,Central,Clothing,Jeans,1,14745.81,5,14008.52,9283.69,4724.83,Card,Returned
ORD-10943,2025-02-05,CUST-1332,West,Furniture,Cabinet,1,69406.68,5,65936.35,56777.8,9158.55,Bank Transfer,Returned
ORD-10944,2025-02-24,CUST-1212,West,Furniture,Cabinet,5,79151.65,5,375970.34,293064.35,82905.99,Bank Transfer,Completed
ORD-10945,2025-10-20,CUST-1102,South,Books,Math Book,1,2473.79,5,2350.1,2016.62,333.48,Cash,Cancelled
ORD-10946,2025-01-05,CUST-1257,Central,Furniture,Cabinet,3,27900.47,10,75331.27,57459.57,17871.7,Bank Transfer,Completed
ORD-10947,2025-10-11,CUST-1026,North,Furniture,Sofa,8,75187.23,15,511273.16,445247.47,66025.69,Bank Transfer,Returned
ORD-10948,2025-05-24,CUST-1078,Central,Furniture,Shelf,12,52873.42,20,507584.83,337830.85,169753.98,Digital Wallet,Returned
ORD-10949,2025-11-03,CUST-1295,North,Books,Novel,1,3815.19,15,3242.91,2169.51,1073.4,Digital Wallet,Completed
ORD-10950,2025-07-03,CUST-1154,South,Books,History Book,11,3327.04,10,32937.7,20659.35,12278.35,Card,Completed
ORD-10951,2025-03-28,CUST-1173,South,Sports,Football,9,23724.96,5,202848.41,117078.19,85770.22,Bank Transfer,Returned
ORD-10952,2025-10-05,CUST-1240,Central,Books,Python Book,2,1776.99,15,3020.88,2087.5,933.38,Bank Transfer,Completed
ORD-10953,2025-07-28,CUST-1211,East,Sports,Football,1,15717.61,0,15717.61,8349.14,7368.47,Bank Transfer,Cancelled
ORD-10954,2025-02-24,CUST-1042,South,Books,History Book,4,5489.69,0,21958.76,11877.25,10081.51,Digital Wallet,Cancelled
ORD-10955,2025-11-10,CUST-1139,Central,Clothing,Cap,12,10750.85,5,122559.69,91969.84,30589.85,Card,Returned
ORD-10956,2025-04-27,CUST-1152,East,Electronics,Mouse,11,59723.39,20,525565.83,378779.0,146786.83,Bank Transfer,Cancelled
ORD-10957,2025-05-22,CUST-1141,East,Electronics,Mouse,5,11312.32,0,56561.6,32134.52,24427.08,Card,Completed
ORD-10958,2025-10-03,CUST-1080,South,Books,Math Book,8,998.92,5,7591.79,6506.61,1085.18,Cash,Completed
ORD-10959,2025-11-04,CUST-1241,East,Books,Novel,10,2332.27,5,22156.56,16237.05,5919.52,Cash,Cancelled
ORD-10960,2025-03-04,CUST-1136,North,Clothing,Shirt,2,3709.82,5,7048.66,4725.55,2323.11,Cash,Returned
ORD-10961,2025-08-20,CUST-1016,Central,Furniture,Desk,5,49858.25,10,224362.12,146594.56,77767.57,Digital Wallet,Completed
ORD-10962,2025-10-14,CUST-1038,East,Electronics,Keyboard,7,59032.2,5,392564.13,325159.27,67404.86,Digital Wallet,Cancelled
ORD-10963,2025-02-16,CUST-1165,South,Electronics,Laptop,11,60749.16,5,634828.72,523218.89,111609.83,Card,Completed
ORD-10964,2025-01-25,CUST-1316,East,Sports,Football,9,17953.4,20,129264.48,113917.58,15346.9,Digital Wallet,Cancelled
ORD-10965,2025-03-07,CUST-1119,Central,Books,Novel,5,5534.23,0,27671.15,18774.31,8896.84,Cash,Completed
ORD-10966,2025-04-30,CUST-1298,East,Clothing,Shoes,8,13488.28,15,91720.3,64695.97,27024.33,Cash,Completed
ORD-10967,2025-07-29,CUST-1272,East,Clothing,Shirt,8,14825.87,15,100815.92,86278.85,14537.06,Card,Completed
ORD-10968,2025-12-30,CUST-1002,North,Clothing,Jeans,1,8962.81,15,7618.39,5502.73,2115.66,Card,Cancelled
ORD-10969,2025-05-22,CUST-1328,West,Electronics,Tablet,11,126579.46,20,1113899.25,1106101.87,7797.38,Card,Completed
ORD-10970,2025-12-23,CUST-1186,Central,Furniture,Desk,10,43160.28,5,410022.66,266919.33,143103.33,Bank Transfer,Completed
ORD-10971,2025-06-25,CUST-1007,West,Books,AI Book,8,5855.11,5,44498.84,31435.72,13063.12,Card,Completed
ORD-10972,2025-11-06,CUST-1174,North,Electronics,Tablet,4,27577.11,15,93762.17,72972.36,20789.81,Digital Wallet,Completed
ORD-10973,2025-02-16,CUST-1299,East,Furniture,Sofa,4,87903.26,0,351613.04,276312.3,75300.74,Card,Completed
ORD-10974,2025-03-19,CUST-1071,North,Furniture,Shelf,9,75349.02,20,542512.94,490526.51,51986.43,Cash,Completed
ORD-10975,2025-01-23,CUST-1198,Central,Furniture,Cabinet,10,14688.63,20,117509.04,85229.01,32280.03,Card,Completed
ORD-10976,2025-02-24,CUST-1034,North,Books,AI Book,10,2560.72,0,25607.2,19804.06,5803.14,Card,Completed
ORD-10977,2025-12-15,CUST-1319,East,Sports,Helmet,11,12932.86,5,135148.39,108963.6,26184.78,Card,Returned
ORD-10978,2025-06-15,CUST-1193,Central,Books,Python Book,9,5110.63,15,39096.32,34894.4,4201.92,Digital Wallet,Completed
ORD-10979,2025-02-04,CUST-1160,West,Electronics,Laptop,1,142085.88,20,113668.7,80527.59,33141.11,Bank Transfer,Returned
ORD-10980,2025-03-28,CUST-1139,Central,Clothing,Cap,6,6016.1,10,32486.94,24465.28,8021.66,Bank Transfer,Completed
ORD-10981,2025-05-22,CUST-1121,East,Clothing,Jeans,8,4930.39,,37470.96,23805.15,13665.82,Cash,Completed
ORD-10982,2025-05-21,CUST-1170,North,Books,History Book,3,5868.84,10,15845.87,9385.42,6460.44,Bank Transfer,Completed
ORD-10983,2025-06-03,CUST-1083,East,Electronics,Monitor,11,73119.06,15,683663.21,429784.32,253878.89,Cash,Cancelled
ORD-10984,2025-01-10,CUST-1156,West,Books,Python Book,12,3434.24,5,39150.34,24075.83,15074.51,Bank Transfer,Completed
ORD-10985,2025-08-12,CUST-1102,West,Clothing,Jeans,7,4861.08,10,30624.8,17799.92,12824.89,Cash,Completed
ORD-10986,2025-12-05,CUST-1238,East,Electronics,Mouse,2,10247.9,20,16396.64,12414.97,3981.67,Cash,Completed
ORD-10987,2025-03-02,CUST-1043,Central,Electronics,Laptop,9,56687.26,0,510185.34,300340.43,209844.91,Digital Wallet,Completed
ORD-10988,2025-11-28,CUST-1120,East,Sports,Racket,9,16779.49,15,128363.1,86205.08,42158.02,Bank Transfer,Returned
ORD-10989,2025-05-16,CUST-1324,South,Books,History Book,4,4346.06,0,17384.24,12613.5,4770.74,Bank Transfer,Cancelled
ORD-10990,2025-02-05,CUST-1188,,Clothing,Shirt,11,1416.75,5,14805.04,10838.98,3966.06,Bank Transfer,Returned
ORD-10991,2025-03-08,CUST-1062,North,Furniture,Desk,6,62215.4,5,354627.78,260863.91,93763.87,Bank Transfer,Completed
ORD-10992,2025-05-18,CUST-1060,South,Clothing,Jacket,11,11214.41,5,117190.58,80743.11,36447.48,Bank Transfer,Completed
ORD-10993,2025-06-27,CUST-1198,South,Electronics,Monitor,8,131012.63,20,838480.83,645819.13,192661.7,Digital Wallet,Completed
ORD-10994,2025-11-21,CUST-1156,North,Electronics,Monitor,9,131659.07,5,1125685.05,890374.18,235310.87,Cash,Completed
ORD-10995,2025-10-28,CUST-1179,North,Books,Math Book,12,3343.29,0,40119.48,29226.87,10892.61,Digital Wallet,Completed
ORD-10996,2025-12-17,CUST-1245,West,Furniture,Cabinet,4,54341.07,0,217364.28,131737.98,85626.3,Bank Transfer,Completed
ORD-10997,2025-02-27,CUST-1151,East,Sports,Helmet,4,,15,60387.37,45616.05,14771.32,Cash,Completed
ORD-10998,2025-02-05,CUST-1241,West,Clothing,Cap,11,7633.04,10,75567.1,45440.06,30127.04,Bank Transfer,Completed
ORD-10999,2025-05-05,CUST-1181,Central,Electronics,Laptop,8,86264.84,20,552094.98,447260.05,104834.92,Digital Wallet,Completed
ORD-11000,2025-02-13,CUST-1205,East,Furniture,Cabinet,2,59821.43,0,119642.86,91133.87,28508.99,Digital Wallet,Cancelled
ORD-11001,2025-10-11,CUST-1204,North,Books,History Book,5,1171.63,5,5565.24,3671.62,1893.62,Cash,Returned
ORD-11002,2025-09-24,CUST-1132,East,Electronics,Keyboard,11,125153.44,15,1170184.66,876848.42,293336.25,Bank Transfer,Cancelled
ORD-11003,2025-02-08,CUST-1103,West,Clothing,Jeans,1,7425.81,0,7425.81,4060.59,3365.22,Card,Completed
ORD-11004,2025-01-19,CUST-1045,East,Clothing,Shirt,6,9135.09,5,52070.01,29225.94,22844.07,Digital Wallet,Completed
ORD-11005,2025-09-13,CUST-1157,East,Furniture,Chair,2,26966.45,0,53932.9,28449.36,25483.54,Bank Transfer,Returned
ORD-11006,2025-12-30,CUST-1253,East,Books,Novel,6,5849.99,10,31589.95,26033.35,5556.6,Cash,Completed
ORD-11007,2025-10-13,CUST-1230,South,Furniture,Shelf,12,56260.65,15,573858.63,374558.77,199299.86,Digital Wallet,Cancelled
ORD-11008,2025-05-01,CUST-1107,North,Furniture,Chair,9,72599.94,20,522719.57,483886.35,38833.21,Cash,Returned
ORD-11009,2025-05-16,CUST-1191,Central,Furniture,Desk,1,81796.07,5,77706.27,54847.27,22858.99,Card,Completed
ORD-11010,2025-03-12,CUST-1295,South,Sports,Football,2,10103.72,0,20207.44,15228.66,4978.78,Bank Transfer,Completed
ORD-11011,2025-02-14,CUST-1100,West,Sports,Racket,5,19586.21,10,88137.94,54474.91,33663.03,Cash,Completed
ORD-11012,2025-02-07,CUST-1136,Central,Sports,Gloves,8,8045.28,10,57926.02,36342.66,21583.36,Card,Completed
ORD-11013,2025-11-13,CUST-1300,Central,Electronics,Mouse,3,141013.84,0,423041.52,235874.82,187166.7,Cash,Completed
ORD-11014,2025-11-01,CUST-1213,South,Clothing,Shoes,6,5587.68,20,26820.86,24146.16,2674.7,Card,Cancelled
ORD-11015,2025-02-25,CUST-1201,East,Sports,Racket,1,7069.93,20,5655.94,3772.75,1883.19,Bank Transfer,Returned
ORD-11016,2025-08-05,CUST-1276,North,Sports,Gloves,4,8258.93,0,33035.72,26802.98,6232.74,Digital Wallet,Completed
ORD-11017,2025-08-20,CUST-1259,North,Electronics,Tablet,3,147925.15,5,421586.68,234557.96,187028.72,Cash,Completed
ORD-11018,2025-06-19,CUST-1008,South,Electronics,Laptop,5,155355.4,5,737938.15,462623.38,275314.77,Bank Transfer,Returned
ORD-11019,2025-03-20,CUST-1122,South,Electronics,Monitor,12,34397.32,5,392129.45,302005.07,90124.37,Cash,Completed
ORD-11020,2025-05-01,CUST-1019,Central,Clothing,Jacket,7,4528.82,5,30116.65,20458.44,9658.22,Card,Completed
ORD-11021,2025-11-21,CUST-1069,East,Furniture,Desk,6,51944.68,0,311668.08,234540.32,77127.76,Card,Completed
ORD-11022,2025-03-19,CUST-1127,North,Books,Python Book,7,4702.92,0,32920.44,25404.1,7516.34,Bank Transfer,Completed
ORD-11023,2025-07-28,CUST-1302,West,Clothing,Shirt,7,13465.93,0,94261.51,64709.39,29552.12,Bank Transfer,Completed
ORD-11024,2025-10-25,CUST-1099,East,Furniture,Sofa,8,59031.76,10,425028.67,293871.54,131157.13,Bank Transfer,Completed
ORD-11025,2025-10-04,CUST-1198,East,Clothing,Jacket,12,2211.02,20,21225.79,18467.98,2757.81,Digital Wallet,Returned
ORD-11026,2025-11-24,CUST-1021,East,Sports,Racket,6,14519.95,5,82763.72,60971.93,21791.78,Bank Transfer,Completed
ORD-11027,2025-09-29,CUST-1190,East,Sports,Football,3,13189.53,0,39568.59,30635.71,8932.88,Cash,Completed
ORD-11028,2025-04-18,CUST-1250,South,Sports,Bat,7,3440.12,0,24080.84,15103.46,8977.38,Card,Returned
ORD-11029,2025-05-15,CUST-1116,North,Furniture,Cabinet,6,53306.19,0,319837.14,258603.34,61233.8,Bank Transfer,Completed
ORD-11030,2025-06-20,CUST-1304,West,Books,Math Book,7,4964.91,10,31278.93,28483.25,2795.69,Card,Cancelled
ORD-11031,2025-01-10,CUST-1004,Central,Sports,Helmet,2,22603.07,20,36164.91,36697.29,-532.38,Cash,Returned
ORD-11032,2025-09-30,CUST-1346,Central,Books,Novel,5,3907.6,20,15630.4,10454.33,5176.07,Bank Transfer,Completed
ORD-11033,2025-08-26,CUST-1339,South,Furniture,Chair,3,13194.26,5,37603.64,29766.78,7836.86,Bank Transfer,Completed
ORD-11034,2025-04-15,CUST-1131,South,Books,Math Book,4,3606.54,20,11540.93,8642.69,2898.23,Digital Wallet,Cancelled
ORD-11035,2025-02-17,CUST-1276,South,Electronics,Tablet,11,126907.13,10,1256380.59,1044017.94,212362.65,Bank Transfer,Completed
ORD-11036,2025-06-03,CUST-1254,East,Books,Python Book,1,3855.18,20,3084.14,3092.66,-8.52,Digital Wallet,Completed
ORD-11037,2025-08-25,CUST-1148,West,Clothing,Shirt,7,11033.86,0,77237.02,61098.99,16138.03,Card,Completed
ORD-11038,2025-06-05,CUST-1307,North,Electronics,Monitor,10,155416.93,15,1321043.9,916311.74,404732.17,Bank Transfer,Cancelled
ORD-11039,2025-06-03,CUST-1049,West,Books,Math Book,5,4835.68,10,21760.56,16164.17,5596.39,Digital Wallet,Completed
ORD-11040,2025-11-24,CUST-1010,West,Furniture,Chair,2,27710.17,5,52649.32,44874.48,7774.84,Bank Transfer,Completed
ORD-11041,2025-08-10,CUST-1183,South,Books,Python Book,11,2581.53,0,28396.83,16831.41,11565.42,Bank Transfer,Completed
ORD-11042,2025-11-07,CUST-1022,Central,Electronics,Keyboard,2,43355.22,5,82374.92,49643.89,32731.03,Digital Wallet,Cancelled
ORD-11043,2025-06-29,CUST-1332,Central,Books,History Book,9,4688.51,0,42196.59,28066.55,14130.04,Cash,Completed
ORD-11044,2025-12-07,CUST-1049,South,Clothing,Jeans,8,7861.65,5,59748.54,49412.88,10335.66,Card,Completed
ORD-11045,2025-11-09,CUST-1083,East,Sports,Gloves,8,11938.56,5,90733.06,68259.61,22473.45,Digital Wallet,Completed
ORD-11046,2025-07-22,CUST-1149,South,Sports,Bat,11,4910.86,15,45916.54,31608.18,14308.36,Digital Wallet,Returned
ORD-11047,2025-10-19,CUST-1265,Central,Furniture,Chair,11,55893.92,15,522608.15,407120.46,115487.69,Bank Transfer,Completed
ORD-11048,2025-01-24,CUST-1323,North,Clothing,Shirt,8,9062.94,0,72503.52,39942.98,32560.54,Cash,Completed
ORD-11049,2025-09-17,CUST-1192,East,Electronics,Monitor,11,170142.94,0,1871572.34,991379.96,880192.38,Card,Returned
ORD-11050,2025-10-31,CUST-1044,South,Sports,Helmet,8,11424.13,5,86823.39,54353.89,32469.5,Cash,Completed
ORD-11051,2025-10-27,CUST-1224,South,Sports,Racket,11,22103.77,10,218827.32,194495.99,24331.33,Cash,Returned
ORD-11052,2025-06-29,CUST-1327,North,Books,Math Book,9,1135.99,5,9712.71,6082.8,3629.91,Cash,Returned
ORD-11053,2025-06-03,CUST-1086,Central,Furniture,Cabinet,10,60319.73,15,512717.71,410132.65,102585.06,Card,Completed
ORD-11054,2025-09-11,CUST-1041,Central,Sports,Bat,2,3238.47,20,5181.55,3541.76,1639.79,Card,Completed
ORD-11055,2025-09-29,CUST-1031,South,Sports,Football,9,20629.47,0,185665.23,130533.78,55131.45,Card,Completed
ORD-11056,2025-02-25,CUST-1291,West,Sports,Racket,11,4506.66,0,49573.26,30510.88,19062.38,Digital Wallet,Completed
ORD-11057,2025-09-09,CUST-1074,South,Sports,Racket,12,4927.89,15,50264.48,38843.21,11421.27,Cash,Completed
ORD-11058,2025-06-15,CUST-1170,East,Furniture,Cabinet,3,36514.22,15,93111.26,60775.3,32335.96,Digital Wallet,Completed
ORD-11059,2025-05-08,CUST-1224,South,Clothing,Shoes,2,5471.79,0,10943.58,6165.36,4778.22,Digital Wallet,Completed
ORD-11060,2025-01-18,CUST-1141,South,Clothing,Shirt,4,11850.55,5,45032.09,32590.01,12442.08,Cash,Returned
ORD-11061,2025-12-22,CUST-1024,East,Furniture,Shelf,3,33204.76,20,79691.42,66099.54,13591.88,Cash,Completed
ORD-11062,2025-07-15,CUST-1111,West,Electronics,Monitor,6,143065.16,15,729632.32,608354.6,121277.72,Card,Cancelled
ORD-11063,2025-04-08,CUST-1098,West,Sports,Gloves,9,22068.51,15,168824.1,157415.48,11408.62,Card,Returned
ORD-11064,2025-08-16,CUST-1332,West,Furniture,Sofa,4,52213.73,5,198412.17,118738.1,79674.07,Digital Wallet,Completed
ORD-11065,2025-04-04,CUST-1122,West,Furniture,Chair,4,24045.93,20,76946.98,60183.04,16763.93,Bank Transfer,Completed
ORD-11066,2025-06-22,CUST-1181,West,Books,AI Book,1,5232.54,0,5232.54,3067.82,2164.72,Digital Wallet,Completed
ORD-11067,2025-02-14,CUST-1321,Central,Sports,Gloves,3,24227.51,5,69048.4,48562.68,20485.72,Digital Wallet,Returned
ORD-11068,2025-10-08,CUST-1164,North,Clothing,Shirt,12,13904.22,15,141823.04,114625.05,27197.99,Cash,Returned
ORD-11069,2025-11-22,CUST-1022,Central,Books,Novel,3,2862.29,0,8586.87,5685.86,2901.01,Bank Transfer,Completed
ORD-11070,2025-09-30,CUST-1066,West,Clothing,Cap,5,4118.3,10,18532.35,16616.17,1916.18,Card,Completed
ORD-11071,2025-12-23,CUST-1154,West,Clothing,Jeans,2,9153.65,5,17391.93,14684.74,2707.2,Bank Transfer,Cancelled
ORD-11072,2025-01-06,CUST-1060,West,Sports,Helmet,2,20191.23,5,38363.34,29517.11,8846.23,Digital Wallet,Cancelled
ORD-11073,2025-03-06,CUST-1308,East,Sports,Football,8,15801.36,5,120090.34,94866.48,25223.85,Cash,Completed
ORD-11074,2025-05-09,CUST-1028,East,Furniture,Shelf,8,54155.11,0,433240.88,252951.21,180289.67,Card,Cancelled
ORD-11075,2025-04-25,CUST-1205,East,Furniture,Sofa,8,7735.16,15,52599.09,46070.25,6528.83,Card,Cancelled
ORD-11076,2025-01-31,CUST-1238,South,Electronics,Tablet,11,68263.96,0,750903.56,390672.14,360231.42,Card,Completed
ORD-11077,2025-10-10,CUST-1212,West,Sports,Football,2,13897.65,0,27795.3,17585.76,10209.54,Bank Transfer,Cancelled
ORD-11078,2025-10-23,CUST-1255,East,Electronics,Tablet,4,161490.67,10,581366.41,491227.24,90139.17,Card,Returned
ORD-11079,2025-09-10,CUST-1094,North,Electronics,Keyboard,6,18413.3,,99431.82,81818.21,17613.61,Cash,Cancelled
ORD-11080,2025-03-17,CUST-1293,East,Electronics,Laptop,7,15481.34,0,108369.38,85333.95,23035.43,Digital Wallet,Completed
ORD-11081,2025-09-01,CUST-1273,West,Books,History Book,6,1284.95,5,7324.22,6196.61,1127.6,Digital Wallet,Completed
ORD-11082,2025-10-16,CUST-1294,South,Electronics,Keyboard,5,59035.72,0,295178.6,206956.3,88222.3,Bank Transfer,Returned
ORD-11083,2025-09-09,CUST-1127,West,Clothing,Cap,7,14662.21,10,92371.92,55745.63,36626.29,Bank Transfer,Cancelled
ORD-11084,2025-04-09,CUST-1129,West,Clothing,Shirt,3,8171.41,15,20837.1,13265.45,7571.65,Cash,Completed
ORD-11085,2025-12-12,CUST-1338,North,Electronics,Keyboard,5,150696.59,0,753482.95,411995.63,341487.32,Bank Transfer,Completed
ORD-11086,2025-02-13,CUST-1114,,Books,Math Book,4,1322.53,20,4232.1,3208.83,1023.26,Card,Completed
ORD-11087,2025-11-10,CUST-1043,South,Books,History Book,9,2305.9,0,20753.1,14768.69,5984.41,Card,Completed
ORD-11088,2025-11-22,CUST-1170,North,Books,Novel,7,3232.65,5,21497.12,15247.08,6250.04,Digital Wallet,Completed
ORD-11089,2025-11-26,CUST-1195,East,Electronics,Monitor,1,168963.93,0,168963.93,136766.27,32197.66,Bank Transfer,Completed
ORD-11090,2025-10-24,CUST-1020,North,Furniture,Desk,2,7017.82,10,12632.08,10104.49,2527.59,Cash,Completed
ORD-11091,2025-10-01,CUST-1115,West,Furniture,Shelf,11,72382.29,5,756394.93,549441.19,206953.74,Bank Transfer,Cancelled
ORD-11092,2025-10-10,CUST-1324,South,Clothing,Cap,3,3474.84,5,9903.29,7867.63,2035.66,Card,Completed
ORD-11093,2025-02-28,CUST-1222,Central,Electronics,Tablet,12,98500.99,20,945609.5,682687.73,262921.78,Cash,Completed
ORD-11094,2025-06-23,CUST-1001,West,Furniture,Shelf,9,59237.43,20,426509.5,299550.17,126959.33,Digital Wallet,Completed
ORD-11095,2025-09-03,CUST-1128,West,Electronics,Keyboard,12,60287.56,0,723450.72,515182.77,208267.95,Digital Wallet,Returned
ORD-11096,2025-06-10,CUST-1161,South,Books,Math Book,6,3475.98,0,20855.88,10920.88,9935.0,Bank Transfer,Returned
ORD-11097,2025-01-02,CUST-1190,South,Clothing,Shirt,8,3058.69,15,20799.09,19125.98,1673.11,Bank Transfer,Cancelled
ORD-11098,2025-09-13,CUST-1184,East,Sports,Racket,10,3235.36,15,27500.56,19438.91,8061.65,Cash,Cancelled
ORD-11099,2025-05-05,CUST-1288,West,Furniture,Cabinet,12,34196.85,20,328289.76,278151.06,50138.7,Digital Wallet,Completed
ORD-11100,2025-06-29,CUST-1241,South,Books,Math Book,3,5476.54,15,13965.18,9046.81,4918.37,Bank Transfer,Completed
ORD-11101,2025-08-08,CUST-1313,North,Books,Math Book,7,3606.7,10,22722.21,13884.85,8837.36,Digital Wallet,Cancelled
ORD-11102,2025-02-28,CUST-1059,North,Sports,Racket,9,17320.97,20,124710.98,111920.12,12790.86,Card,Cancelled
ORD-11103,2025-06-09,CUST-1333,East,Sports,Helmet,7,3452.03,,22956.0,14770.53,8185.47,Card,Completed
ORD-11104,2025-04-01,CUST-1127,South,Furniture,Desk,8,42881.72,20,274443.01,277887.56,-3444.55,Cash,Completed
ORD-11105,2025-07-14,CUST-1212,East,Electronics,Mouse,11,38544.91,0,423994.01,231303.09,192690.92,Bank Transfer,Completed
ORD-11106,2025-08-08,CUST-1109,Central,Clothing,Cap,8,10519.82,0,84158.56,68242.32,15916.24,Digital Wallet,Completed
ORD-11107,2025-03-28,CUST-1265,East,Sports,Bat,7,8847.77,0,61934.39,32823.2,29111.19,Card,Cancelled
ORD-11108,2025-10-23,CUST-1289,North,Books,Python Book,9,1802.22,15,13786.98,9877.59,3909.4,Bank Transfer,Cancelled
ORD-11109,2025-06-11,CUST-1166,South,Furniture,Desk,9,23262.38,10,188425.28,114198.95,74226.33,Bank Transfer,Completed
ORD-11110,2025-06-23,CUST-1223,East,Books,Python Book,7,5041.39,20,28231.78,21894.71,6337.07,Bank Transfer,Completed
ORD-11111,2025-09-04,CUST-1283,South,Clothing,Shirt,8,9300.0,0,74400.0,55483.97,18916.03,Digital Wallet,Completed
ORD-11112,2025-09-20,CUST-1284,North,Furniture,Cabinet,1,67613.29,5,64232.63,46873.61,17359.01,Cash,Cancelled
ORD-11113,2025-10-24,CUST-1335,West,Books,Math Book,7,1724.41,15,10260.24,6370.36,3889.88,Digital Wallet,Completed
ORD-11114,2025-07-15,CUST-1098,East,Electronics,Monitor,9,19189.27,20,138162.74,97647.5,40515.24,Bank Transfer,Completed
ORD-11115,2025-01-14,CUST-1314,East,Furniture,Chair,1,45289.38,20,36231.5,27844.42,8387.09,Cash,Completed
ORD-11116,2025-06-05,CUST-1170,South,Books,History Book,4,1428.94,10,5144.18,4339.75,804.44,Cash,Completed
ORD-11117,2025-11-30,CUST-1145,West,Clothing,Jacket,6,1566.29,0,9397.74,5086.95,4310.79,Digital Wallet,Completed
ORD-11118,2025-02-13,CUST-1094,West,Clothing,Shirt,9,1418.42,20,10212.62,8517.47,1695.16,Digital Wallet,Returned
ORD-11119,2025-01-24,CUST-1140,West,Sports,Helmet,8,9797.29,0,78378.32,45940.49,32437.83,Bank Transfer,Completed
ORD-11120,2025-03-20,CUST-1053,East,Electronics,Mouse,9,138023.78,20,993771.22,747663.72,246107.5,Cash,Returned
ORD-11121,2025-01-28,CUST-1133,,Electronics,Keyboard,12,165197.2,5,1883248.08,1268591.62,614656.46,Card,Completed
ORD-11122,2025-02-15,CUST-1348,North,Clothing,Jacket,8,4271.12,15,29043.62,27555.49,1488.13,Digital Wallet,Cancelled
ORD-11123,2025-03-02,CUST-1062,South,Books,AI Book,4,5180.74,15,17614.52,13853.35,3761.17,Bank Transfer,Completed
ORD-11124,2025-11-21,CUST-1126,East,Sports,Helmet,5,12365.83,10,55646.24,48187.17,7459.07,Digital Wallet,Returned
ORD-11125,2025-12-09,CUST-1222,North,Books,Python Book,1,4626.85,5,4395.51,2968.78,1426.73,Digital Wallet,Completed
ORD-11126,2025-01-10,CUST-1311,West,Clothing,Shirt,3,3830.26,15,9767.16,7110.41,2656.76,Digital Wallet,Cancelled
ORD-11127,2025-01-13,CUST-1087,,Furniture,Shelf,12,53200.05,0,638400.6,430575.56,207825.04,Bank Transfer,Completed
ORD-11128,2025-03-19,CUST-1135,Central,Clothing,Cap,5,2230.51,5,10594.92,6429.21,4165.71,Digital Wallet,Completed
ORD-11129,2025-02-12,CUST-1332,East,Sports,Helmet,3,1462.83,0,4388.49,2469.41,1919.08,Cash,Completed
ORD-11130,2025-04-08,CUST-1081,East,Clothing,Cap,4,1289.82,0,5159.28,3887.65,1271.63,Card,Completed
ORD-11131,2025-06-12,CUST-1246,,Electronics,Tablet,8,63961.07,0,511688.56,339920.9,171767.66,Digital Wallet,Returned
ORD-11132,2025-09-05,CUST-1067,South,Books,Novel,7,1875.77,5,12473.87,10386.54,2087.33,Digital Wallet,Completed
ORD-11133,2025-12-10,CUST-1043,South,Books,Novel,4,3889.25,20,12445.6,11062.39,1383.21,Card,Completed
ORD-11134,2025-05-27,CUST-1316,North,Sports,Bat,3,19436.44,5,55393.85,40808.4,14585.45,Digital Wallet,Cancelled
ORD-11135,2025-03-29,CUST-1022,West,Clothing,Jeans,12,6639.97,0,79679.64,43627.95,36051.69,Bank Transfer,Cancelled
ORD-11136,2025-11-06,CUST-1212,East,Furniture,Chair,6,81092.27,15,413570.58,393703.97,19866.61,Digital Wallet,Cancelled
ORD-11137,2025-08-25,CUST-1269,Central,Electronics,Keyboard,4,20605.27,10,74178.97,58763.87,15415.1,Cash,Completed
ORD-11138,2025-06-12,CUST-1035,West,Electronics,Laptop,4,178540.48,5,678453.82,427600.83,250853.0,Bank Transfer,Completed
ORD-11139,2025-12-30,CUST-1253,West,Sports,Football,5,3692.83,5,17540.94,12738.35,4802.59,Digital Wallet,Completed
ORD-11140,2025-02-09,CUST-1345,Central,Books,Python Book,3,4342.74,0,13028.22,8705.89,4322.33,Cash,Completed
ORD-11141,2025-10-06,CUST-1319,Central,Sports,Football,12,21198.65,10,228945.42,148684.04,80261.38,Bank Transfer,Completed
ORD-11142,2025-07-24,CUST-1301,South,Furniture,Sofa,7,37391.56,10,235566.83,150147.25,85419.58,Bank Transfer,Completed
ORD-11143,2025-06-10,CUST-1305,East,Furniture,Shelf,8,81765.8,0,654126.4,410476.53,243649.87,Card,Completed
ORD-11144,2025-01-08,CUST-1341,South,Clothing,Shoes,11,5028.0,5,52542.6,29044.86,23497.74,Cash,Returned
ORD-11145,2025-02-27,CUST-1316,East,Books,Math Book,7,629.75,10,3967.43,3250.99,716.43,Cash,Completed
ORD-11146,2025-03-17,CUST-1316,West,Furniture,Chair,12,87465.18,15,892144.84,710545.0,181599.84,Cash,Returned
ORD-11147,2025-02-25,CUST-1102,West,Electronics,Laptop,12,52741.66,5,601254.92,469340.65,131914.27,Bank Transfer,Completed
ORD-11148,2025-04-18,CUST-1217,South,Clothing,Shoes,5,12453.17,20,49812.68,50778.5,-965.82,Digital Wallet,Returned
ORD-11149,2025-06-09,CUST-1240,West,Books,Python Book,3,5401.8,15,13774.59,9228.38,4546.21,Digital Wallet,Returned
ORD-11150,2025-07-11,CUST-1021,Central,Electronics,Monitor,8,142663.33,20,913045.31,865927.06,47118.25,Card,Completed
ORD-11151,2025-10-09,CUST-1256,East,Clothing,Shoes,10,14099.69,5,133947.05,77931.08,56015.98,Bank Transfer,Completed
ORD-11152,2025-11-13,CUST-1262,South,Books,History Book,11,3317.4,10,32842.26,28751.34,4090.92,Bank Transfer,Completed
ORD-11153,2025-03-23,CUST-1135,West,Furniture,Cabinet,12,39292.59,5,447935.53,322843.18,125092.35,Bank Transfer,Cancelled
ORD-11154,2025-10-15,CUST-1023,West,Electronics,Monitor,2,62700.17,0,125400.34,74389.98,51010.36,Card,Completed
ORD-11155,2025-07-03,CUST-1296,North,Books,AI Book,8,3378.81,20,21624.38,19102.22,2522.16,Card,Returned
ORD-11156,2025-03-04,CUST-1238,East,Sports,Bat,8,23292.33,10,167704.78,152480.85,15223.93,Bank Transfer,Completed
ORD-11157,2025-05-04,CUST-1241,Central,Clothing,Shoes,6,14859.25,20,71324.4,72956.71,-1632.31,Bank Transfer,Completed
ORD-11158,2025-04-15,CUST-1102,Central,Furniture,Sofa,6,44035.53,20,211370.54,140954.16,70416.39,Cash,Completed
ORD-11159,2025-02-15,CUST-1073,South,Furniture,Cabinet,1,28086.61,0,28086.61,19581.31,8505.3,Digital Wallet,Completed
ORD-11160,2025-04-14,CUST-1083,South,Furniture,Chair,10,27092.08,15,230282.68,169830.89,60451.79,Card,Cancelled
ORD-11161,2025-09-18,CUST-1042,Central,Electronics,Monitor,9,169596.01,0,1526364.09,1102435.61,423928.48,Digital Wallet,Completed
ORD-11162,2025-03-06,CUST-1203,Central,Furniture,Chair,5,38611.76,0,193058.8,152089.64,40969.16,Bank Transfer,Cancelled
ORD-11163,2025-01-12,CUST-1089,South,Electronics,Mouse,6,3113.89,15,15880.84,13354.93,2525.91,Cash,Completed
ORD-11164,2025-02-04,CUST-1081,North,Electronics,Monitor,5,141423.01,0,707115.05,566379.86,140735.19,Digital Wallet,Cancelled
ORD-11165,2025-03-01,CUST-1159,South,Furniture,Chair,2,41645.21,10,74961.38,62994.97,11966.41,Card,Completed
ORD-11166,2025-10-30,CUST-1235,North,Furniture,Shelf,7,20780.92,5,138193.12,118030.56,20162.56,Card,Completed
ORD-11167,2025-02-18,CUST-1039,East,Electronics,Monitor,2,63869.17,5,121351.42,84643.1,36708.33,Digital Wallet,Completed
ORD-11168,2025-02-07,CUST-1279,West,Clothing,Shoes,1,9346.16,5,8878.85,6708.1,2170.75,Card,Completed
ORD-11169,2025-01-19,CUST-1130,East,Books,AI Book,9,5835.65,0,52520.85,38149.12,14371.73,Digital Wallet,Completed
ORD-11170,2025-07-19,CUST-1273,North,Furniture,Shelf,12,21738.54,10,234776.23,154488.29,80287.94,Card,Returned
ORD-11171,2025-07-21,CUST-1138,South,Sports,Football,6,6140.21,20,29473.01,26407.92,3065.08,Cash,Completed
ORD-11172,2025-04-10,CUST-1014,North,Clothing,Jacket,12,10326.06,5,117717.08,83333.31,34383.78,Digital Wallet,Completed
ORD-11173,2025-06-24,CUST-1347,North,Sports,Racket,6,2992.02,5,17054.51,11056.37,5998.14,Digital Wallet,Returned
ORD-11174,2025-01-16,CUST-1197,North,Furniture,Chair,1,42324.25,15,35975.61,29181.91,6793.7,Cash,Cancelled
ORD-11175,2025-09-13,CUST-1286,East,Electronics,Mouse,4,160592.6,5,610251.88,367014.86,243237.02,Digital Wallet,Cancelled
ORD-11176,2025-10-07,CUST-1041,,Books,Math Book,12,5740.46,5,65441.24,45561.1,19880.14,Cash,Completed
ORD-11177,2025-07-08,CUST-1197,North,Clothing,Jacket,2,5814.52,10,10466.14,8697.39,1768.74,Cash,Completed
ORD-11178,2025-07-04,CUST-1065,Central,Books,Novel,1,3371.54,15,2865.81,1851.86,1013.95,Bank Transfer,Returned
ORD-11179,2025-05-08,CUST-1029,Central,Electronics,Monitor,3,15743.31,15,40145.44,35117.86,5027.58,Card,Completed
ORD-11180,2025-04-19,CUST-1065,South,Books,Novel,3,3742.2,0,11226.6,6562.97,4663.63,Card,Cancelled
ORD-11181,2025-01-30,CUST-1065,West,Sports,Bat,4,13381.77,10,48174.37,33397.28,14777.09,Card,Completed
ORD-11182,2025-03-24,CUST-1191,North,Clothing,Cap,8,14190.43,15,96494.92,84639.94,11854.98,Card,Returned
ORD-11183,2025-07-02,CUST-1337,North,Clothing,Cap,11,7019.48,0,77214.28,54889.75,22324.53,Card,Completed
ORD-11184,2025-03-28,CUST-1311,North,Clothing,Shoes,9,12503.92,5,106908.52,62021.46,44887.06,Cash,Returned
ORD-11185,2025-05-13,CUST-1301,East,Clothing,Cap,12,3592.72,5,40957.01,31927.49,9029.52,Bank Transfer,Completed
ORD-11186,2025-03-12,CUST-1086,South,Sports,Gloves,10,16040.7,15,136345.95,93427.58,42918.37,Cash,Completed
ORD-11187,2025-05-27,CUST-1074,North,Electronics,Tablet,2,36237.19,20,57979.5,52039.92,5939.59,Card,Returned
ORD-11188,2025-08-26,CUST-1112,West,Electronics,Keyboard,1,17587.15,0,17587.15,10937.1,6650.05,Bank Transfer,Completed
ORD-11189,2025-08-03,CUST-1346,North,Clothing,Cap,3,2416.07,5,6885.8,4430.74,2455.06,Bank Transfer,Completed
ORD-11190,2025-03-08,CUST-1302,Central,Furniture,Shelf,6,63625.95,0,381755.7,259022.66,122733.04,Card,Returned
ORD-11191,2025-01-14,CUST-1230,South,Clothing,Cap,11,3768.81,5,39384.06,24289.45,15094.61,Card,Completed
ORD-11192,2025-04-18,CUST-1339,North,Sports,Football,4,20559.73,10,74015.03,49238.62,24776.41,Card,Completed
ORD-11193,2025-01-08,CUST-1328,East,Electronics,Monitor,12,30544.88,5,348211.63,247083.24,101128.4,Cash,Completed
ORD-11194,2025-05-29,CUST-1272,South,Sports,Racket,3,6695.94,0,20087.82,12815.99,7271.83,Card,Completed
ORD-11195,2025-04-12,CUST-1047,Central,Books,Math Book,3,3940.05,15,10047.13,9395.44,651.69,Card,Returned
ORD-11196,2025-05-22,CUST-1136,West,Furniture,Sofa,10,7196.9,5,68370.55,39289.24,29081.31,Cash,Completed
ORD-11197,2025-04-27,CUST-1328,South,Books,AI Book,2,4625.49,0,9250.98,6742.2,2508.78,Bank Transfer,Completed
ORD-11198,2025-01-13,CUST-1245,East,Furniture,Cabinet,12,77230.49,20,741412.7,679541.57,61871.13,Cash,Completed
ORD-11199,2025-06-05,CUST-1050,Central,Sports,Helmet,6,20986.38,0,125918.28,85520.92,40397.36,Cash,Cancelled
ORD-11200,2025-09-21,CUST-1125,West,Sports,Racket,2,15378.66,10,27681.59,18897.5,8784.09,Cash,Completed
ORD-11201,2025-12-07,CUST-1082,East,Sports,Helmet,7,5057.3,0,35401.1,24941.02,10460.08,Digital Wallet,Cancelled
ORD-11202,2025-09-07,CUST-1265,Central,Furniture,Shelf,11,69736.42,10,690390.56,465430.07,224960.49,Cash,Completed
ORD-11203,2025-04-02,CUST-1076,East,Electronics,Tablet,8,24081.5,5,183019.4,118821.52,64197.88,Digital Wallet,Completed
ORD-11204,2025-05-27,CUST-1336,North,Electronics,Monitor,3,100253.49,5,285722.45,237675.79,48046.66,Digital Wallet,Completed
ORD-11205,2025-03-05,CUST-1049,West,Books,Novel,1,2448.43,15,2081.17,1819.29,261.87,Digital Wallet,Completed
ORD-11206,2025-04-02,CUST-1017,East,Clothing,Cap,6,13539.91,15,69053.54,45846.04,23207.5,Bank Transfer,Completed
ORD-11207,2025-04-12,CUST-1118,West,Books,Math Book,5,2184.08,5,10374.38,6716.83,3657.55,Digital Wallet,Completed
ORD-11208,2025-12-27,CUST-1209,East,Books,Math Book,5,1973.78,10,8882.01,7005.93,1876.08,Digital Wallet,Completed
ORD-11209,2025-09-04,CUST-1198,North,Clothing,Shoes,11,9874.78,,108622.58,72469.85,36152.73,Bank Transfer,Completed
ORD-11210,2025-10-01,CUST-1183,West,Furniture,Desk,9,80973.24,20,583007.33,545887.5,37119.83,Digital Wallet,Completed
ORD-11211,2025-05-09,CUST-1051,North,Clothing,Shoes,5,12420.61,10,55892.75,50173.16,5719.58,Bank Transfer,Completed
ORD-11212,2025-01-02,CUST-1231,South,Sports,Football,11,8336.6,0,91702.6,55403.36,36299.24,Card,Returned
ORD-11213,2025-04-10,CUST-1273,South,Books,AI Book,7,2259.68,20,12654.21,9286.07,3368.14,Cash,Completed
ORD-11214,2025-09-12,CUST-1303,South,Electronics,Monitor,2,73820.75,5,140259.42,100512.44,39746.99,Digital Wallet,Completed
ORD-11215,2025-06-25,CUST-1300,West,Sports,Gloves,11,5830.06,5,60924.13,39258.85,21665.28,Digital Wallet,Completed
ORD-11216,2025-09-08,CUST-1021,North,Electronics,Mouse,2,106027.08,5,201451.45,164559.93,36891.52,Digital Wallet,Cancelled
ORD-11217,2025-01-28,CUST-1207,South,Clothing,Shirt,4,7936.01,20,25395.23,23426.59,1968.64,Card,Completed
ORD-11218,2025-02-23,CUST-1032,South,Clothing,Shoes,12,1369.68,5,15614.35,10214.49,5399.86,Card,Returned
ORD-11219,2025-03-09,CUST-1138,North,Sports,Helmet,7,21880.95,15,130191.65,113473.56,16718.1,Card,Completed
ORD-11220,2025-09-23,CUST-1021,West,Books,History Book,8,695.06,5,5282.46,4198.35,1084.1,Digital Wallet,Completed
ORD-11221,2025-10-04,CUST-1006,West,Electronics,Keyboard,5,38320.45,0,191602.25,115103.06,76499.19,Cash,Returned
ORD-11222,2025-01-23,CUST-1001,Central,Electronics,Mouse,10,72730.19,20,581841.52,437338.79,144502.73,Cash,Completed
ORD-11223,2025-02-28,CUST-1284,East,Sports,Helmet,5,8812.17,15,37451.72,33685.45,3766.27,Cash,Cancelled
ORD-11224,2025-06-15,CUST-1088,West,Books,Python Book,1,1269.06,15,1078.7,815.88,262.83,Cash,Completed
ORD-11225,2025-05-16,CUST-1220,East,Clothing,Shoes,7,2589.3,,17218.85,9935.37,7283.48,Bank Transfer,Completed
ORD-11226,2025-01-25,CUST-1292,North,Clothing,Cap,4,3595.3,10,12943.08,11070.65,1872.43,Bank Transfer,Completed
ORD-11227,2025-08-10,CUST-1023,South,Electronics,Mouse,11,,5,179781.49,115246.46,64535.03,Digital Wallet,Cancelled
ORD-11228,2025-04-08,CUST-1311,East,Books,Python Book,7,3548.73,5,23599.05,15207.28,8391.77,Bank Transfer,Returned
ORD-11229,2025-08-21,CUST-1208,South,Sports,Racket,4,16068.67,20,51419.74,51121.03,298.71,Digital Wallet,Completed
ORD-11230,2025-10-17,CUST-1047,Central,Electronics,Monitor,1,137249.63,15,116662.19,112104.25,4557.94,Bank Transfer,Returned
ORD-11231,2025-04-18,CUST-1333,East,Furniture,Cabinet,9,26328.22,20,189563.18,157322.5,32240.69,Card,Completed
ORD-11232,2025-02-06,CUST-1330,South,Electronics,Tablet,11,178375.96,0,1962135.56,1352559.19,609576.37,Card,Cancelled
ORD-11233,2025-05-07,CUST-1284,South,Electronics,Monitor,8,145039.36,0,1160314.88,620358.25,539956.63,Bank Transfer,Completed
ORD-11234,2025-01-20,CUST-1235,Central,Furniture,Shelf,5,44009.08,5,209043.13,130661.91,78381.22,Digital Wallet,Cancelled
ORD-11235,2025-03-23,CUST-1091,,Electronics,Keyboard,3,170757.88,10,461046.28,281794.79,179251.48,Digital Wallet,Completed
ORD-11236,2025-11-05,CUST-1247,West,Sports,Bat,10,22407.25,15,190461.62,177435.03,13026.59,Cash,Completed
ORD-11237,2025-08-13,CUST-1017,Central,Furniture,Chair,4,8738.35,10,31458.06,22228.15,9229.91,Bank Transfer,Completed
ORD-11238,2025-04-02,CUST-1203,Central,Clothing,Jacket,9,6913.27,5,59108.46,45682.81,13425.65,Bank Transfer,Returned
ORD-11239,2025-10-03,CUST-1095,East,Furniture,Shelf,12,13467.56,10,145449.65,127117.37,18332.28,Bank Transfer,Completed
ORD-11240,2025-09-03,CUST-1138,East,Electronics,Laptop,10,126370.76,15,1074151.46,670533.56,403617.9,Card,Completed
ORD-11241,2025-11-30,CUST-1101,South,Electronics,Tablet,10,,0,991779.6,596354.59,395425.01,Cash,Completed
ORD-11242,2025-08-05,CUST-1148,Central,Electronics,Tablet,4,113120.16,0,452480.64,258944.75,193535.89,Cash,Completed
ORD-11243,2025-02-03,CUST-1248,North,Books,History Book,7,1713.32,5,11393.58,9768.65,1624.93,Card,Returned
ORD-11244,2025-06-02,CUST-1045,South,Books,AI Book,10,2716.58,5,25807.51,16998.87,8808.64,Bank Transfer,Completed
ORD-11245,2025-04-01,CUST-1065,South,Furniture,Sofa,9,75073.79,0,675664.11,516284.0,159380.11,Bank Transfer,Completed
ORD-11246,2025-05-03,CUST-1133,East,Sports,Bat,10,3789.39,15,32209.81,26303.65,5906.16,Cash,Completed
ORD-11247,2025-06-12,CUST-1282,East,Electronics,Tablet,11,27065.54,0,297720.94,201734.65,95986.29,Digital Wallet,Cancelled
ORD-11248,2025-10-17,CUST-1177,South,Sports,Bat,5,16763.47,5,79626.48,65521.21,14105.27,Card,Completed
ORD-11249,2025-07-08,CUST-1091,West,Sports,Gloves,5,18739.41,15,79642.49,53496.36,26146.13,Cash,Completed
ORD-11250,2025-02-07,CUST-1275,East,Electronics,Tablet,4,75160.83,10,270578.99,224715.99,45863.0,Bank Transfer,Completed
ORD-11251,2025-11-09,CUST-1299,West,Books,Python Book,5,1121.12,5,5325.32,4010.66,1314.66,Card,Returned
ORD-11252,2025-03-04,CUST-1224,North,Electronics,Laptop,10,86190.88,20,689527.04,507409.07,182117.97,Bank Transfer,Completed
ORD-11253,2025-02-25,CUST-1346,Central,Electronics,Laptop,2,162084.12,0,324168.24,184310.29,139857.95,Digital Wallet,Completed
ORD-11254,2025-09-05,CUST-1264,West,Sports,Bat,2,3593.62,20,5749.79,5079.64,670.15,Cash,Returned
ORD-11255,2025-02-19,CUST-1344,Central,Books,Python Book,5,3318.3,15,14102.77,10172.95,3929.82,Bank Transfer,Completed
ORD-11256,2025-02-03,CUST-1159,East,Books,AI Book,7,2034.28,0,14239.96,10207.62,4032.34,Cash,Completed
ORD-11257,2025-07-02,CUST-1083,Central,Sports,Racket,7,15940.67,5,106005.46,78783.39,27222.07,Cash,Completed
ORD-11258,2025-06-02,CUST-1108,,Books,Python Book,12,2158.8,0,25905.6,18858.58,7047.02,Bank Transfer,Completed
ORD-11259,2025-08-24,CUST-1146,West,Electronics,Monitor,12,98335.26,5,1121021.96,718760.09,402261.87,Cash,Completed
ORD-11260,2025-10-24,CUST-1348,North,Clothing,Shirt,5,2326.83,5,11052.44,9538.88,1513.56,Digital Wallet,Completed
ORD-11261,2025-03-27,CUST-1322,East,Books,Novel,1,5833.67,0,5833.67,4095.66,1738.01,Bank Transfer,Completed
ORD-11262,2025-05-07,CUST-1090,South,Books,AI Book,2,1771.85,10,3189.33,1900.68,1288.65,Digital Wallet,Cancelled
ORD-11263,2025-05-10,CUST-1233,West,Electronics,Mouse,3,93783.67,0,281351.01,164458.24,116892.77,Card,Cancelled
ORD-11264,2025-09-01,CUST-1013,East,Furniture,Desk,8,72654.32,0,581234.56,392968.33,188266.23,Bank Transfer,Completed
ORD-11265,2025-07-16,CUST-1266,South,Electronics,Tablet,6,89703.95,15,457490.14,314764.62,142725.53,Bank Transfer,Returned
ORD-11266,2025-09-26,CUST-1079,South,Furniture,Sofa,11,7551.09,5,78908.89,44896.09,34012.8,Digital Wallet,Completed
ORD-11267,2025-07-13,CUST-1073,Central,Furniture,Sofa,10,9628.29,0,96282.9,62027.31,34255.59,Card,Completed
ORD-11268,2025-09-29,CUST-1306,South,Sports,Bat,3,13669.04,10,36906.41,27642.19,9264.21,Bank Transfer,Completed
ORD-11269,2025-09-21,CUST-1099,North,Sports,Helmet,5,20480.24,5,97281.14,67738.6,29542.54,Digital Wallet,Returned
ORD-11270,2025-04-18,CUST-1341,Central,Books,AI Book,1,2935.44,0,2935.44,2072.8,862.64,Digital Wallet,Returned
ORD-11271,2025-08-28,CUST-1014,South,Sports,Gloves,5,9649.41,0,48247.05,33526.55,14720.5,Digital Wallet,Completed
ORD-11272,2025-12-03,CUST-1200,East,Clothing,Shirt,11,3421.77,5,35757.5,21384.58,14372.91,Card,Completed
ORD-11273,2025-11-15,CUST-1053,Central,Clothing,Shirt,9,8091.87,0,72826.83,57799.12,15027.71,Card,Cancelled
ORD-11274,2025-02-08,CUST-1040,East,Furniture,Shelf,5,64968.14,15,276114.6,203522.47,72592.13,Bank Transfer,Completed
ORD-11275,2025-10-09,CUST-1290,West,Furniture,Sofa,3,87136.04,20,209126.5,182151.94,26974.55,Card,Completed
ORD-11276,2025-09-02,CUST-1280,South,Clothing,Shirt,10,9390.46,15,79818.91,66310.95,13507.96,Bank Transfer,Returned
ORD-11277,2025-08-30,CUST-1318,East,Furniture,Cabinet,8,27804.03,15,189067.4,124322.15,64745.25,Card,Returned
ORD-11278,2025-11-07,CUST-1095,North,Furniture,Desk,11,36636.53,5,382851.74,306844.62,76007.12,Cash,Completed
ORD-11279,2025-09-30,CUST-1059,West,Books,Python Book,1,2670.46,15,2269.89,1393.35,876.54,Bank Transfer,Completed
ORD-11280,2025-01-11,CUST-1093,Central,Clothing,Shoes,6,8222.5,15,41934.75,27519.71,14415.04,Card,Completed
ORD-11281,2025-03-04,CUST-1248,North,Clothing,Cap,4,9497.39,15,32291.13,21370.96,10920.17,Bank Transfer,Completed
ORD-11282,2025-07-09,CUST-1291,Central,Clothing,Cap,4,7080.2,0,28320.8,15991.63,12329.17,Digital Wallet,Completed
ORD-11283,2025-09-26,CUST-1059,North,Furniture,Desk,8,33408.28,10,240539.62,211027.78,29511.84,Card,Returned
ORD-11284,2025-08-20,CUST-1198,North,Furniture,Desk,9,50301.96,20,362174.11,260147.55,102026.56,Cash,Completed
ORD-11285,2025-02-16,CUST-1321,East,Furniture,Chair,10,50672.06,5,481384.57,386616.88,94767.69,Digital Wallet,Returned
ORD-11286,2025-06-28,CUST-1264,East,Furniture,Chair,10,62986.97,15,535389.24,427982.0,107407.24,Card,Completed
ORD-11287,2025-03-18,CUST-1122,West,Furniture,Sofa,5,47298.26,0,236491.3,140976.85,95514.45,Bank Transfer,Completed
ORD-11288,2025-03-17,CUST-1244,East,Clothing,Shoes,7,13135.89,5,87353.67,53367.16,33986.51,Card,Returned
ORD-11289,2025-05-28,CUST-1074,East,Sports,Bat,8,21045.72,0,168365.76,108053.93,60311.83,Card,Completed
ORD-11290,2025-10-23,CUST-1243,North,Electronics,Tablet,1,89012.99,5,84562.34,66651.47,17910.87,Digital Wallet,Cancelled
ORD-11291,2025-02-23,CUST-1060,West,Clothing,Shoes,8,12473.43,15,84819.32,53781.4,31037.92,Cash,Completed
ORD-11292,2025-01-15,CUST-1095,North,Furniture,Cabinet,7,9119.93,5,60647.53,49247.99,11399.55,Bank Transfer,Completed
ORD-11293,2025-08-13,CUST-1228,West,Clothing,Cap,11,5139.55,0,56535.05,35132.41,21402.64,Digital Wallet,Cancelled
ORD-11294,2025-07-13,CUST-1010,West,Electronics,Mouse,5,111414.74,15,473512.65,296490.38,177022.26,Cash,Completed
ORD-11295,2025-05-10,CUST-1152,West,Furniture,Chair,4,5085.57,0,20342.28,12184.51,8157.77,Bank Transfer,Returned
ORD-11296,2025-01-15,CUST-1125,West,Furniture,Chair,8,49220.8,5,374078.08,299443.27,74634.81,Card,Returned
ORD-11297,2025-01-25,CUST-1321,East,Books,Novel,1,5335.78,20,4268.62,3638.04,630.59,Bank Transfer,Returned
ORD-11298,2025-11-14,CUST-1320,West,Books,History Book,1,4520.65,0,4520.65,3235.65,1285.0,Bank Transfer,Completed
ORD-11299,2025-05-07,CUST-1176,Central,Electronics,Laptop,9,128719.28,5,1100549.84,735051.4,365498.44,Digital Wallet,Completed
ORD-11300,2025-10-14,CUST-1105,East,Electronics,Tablet,1,141271.81,5,134208.22,98131.93,36076.29,Cash,Completed
ORD-11301,2025-07-30,CUST-1183,South,Books,Novel,2,5202.74,10,9364.93,5509.06,3855.87,Card,Completed
ORD-11302,2025-02-05,CUST-1057,South,Sports,Helmet,8,4543.98,0,36351.84,27207.58,9144.26,Cash,Cancelled
ORD-11303,2025-05-21,CUST-1186,North,Electronics,Tablet,8,57975.56,20,371043.58,359327.26,11716.32,Card,Returned
ORD-11304,2025-11-24,CUST-1200,North,Books,Python Book,5,5857.95,10,26360.78,20639.93,5720.84,Digital Wallet,Completed
ORD-11305,2025-02-17,CUST-1327,Central,Electronics,Laptop,5,31163.1,20,124652.4,108172.41,16479.99,Digital Wallet,Completed
ORD-11306,2025-11-30,CUST-1346,Central,Clothing,Shirt,11,2868.65,0,31555.15,22370.73,9184.42,Digital Wallet,Cancelled
ORD-11307,2025-01-28,CUST-1178,North,Sports,Gloves,5,10881.38,5,51686.55,29697.2,21989.35,Bank Transfer,Cancelled
ORD-11308,2025-08-05,CUST-1098,West,Furniture,Sofa,7,39366.86,0,275568.02,204859.2,70708.82,Bank Transfer,Completed
ORD-11309,2025-01-14,CUST-1098,Central,Books,AI Book,11,2658.02,5,27776.31,18144.21,9632.1,Digital Wallet,Completed
ORD-11310,2025-08-30,CUST-1160,East,Books,Math Book,10,1073.39,0,10733.9,7042.14,3691.76,Card,Completed
ORD-11311,2025-08-25,CUST-1287,Central,Clothing,Jacket,11,8508.0,20,74870.4,65489.07,9381.33,Bank Transfer,Completed
ORD-11312,2025-03-07,CUST-1301,South,Sports,Gloves,7,6241.5,5,41505.97,27557.58,13948.39,Bank Transfer,Returned
ORD-11313,2025-09-02,CUST-1112,Central,Sports,Racket,5,17759.17,0,88795.85,52704.77,36091.08,Card,Completed
ORD-11314,2025-04-11,CUST-1284,Central,Electronics,Keyboard,2,149099.22,0,298198.44,225566.59,72631.85,Bank Transfer,Cancelled
ORD-11315,2025-05-24,CUST-1335,West,Clothing,Shirt,6,1795.76,5,10235.83,6743.96,3491.87,Bank Transfer,Completed
ORD-11316,2025-06-05,CUST-1322,West,Electronics,Monitor,10,86479.35,0,864793.5,692552.71,172240.79,Cash,Completed
ORD-11317,2025-06-20,CUST-1082,East,Books,AI Book,7,2185.37,15,13002.95,9574.47,3428.48,Card,Returned
ORD-11318,2025-05-20,CUST-1141,North,Clothing,Jeans,6,3725.55,20,17882.64,15568.25,2314.39,Cash,Completed
ORD-11319,2025-02-27,CUST-1139,East,Sports,Bat,8,1296.03,5,9849.83,6149.85,3699.98,Cash,Cancelled
ORD-11320,2025-08-07,CUST-1349,North,Electronics,Monitor,11,110846.81,0,1219314.91,999040.21,220274.7,Digital Wallet,Cancelled
ORD-11321,2025-09-11,CUST-1233,Central,Clothing,Shirt,6,2652.07,0,15912.42,10629.26,5283.16,Cash,Completed
ORD-11322,2025-11-24,CUST-1099,Central,Clothing,Jacket,11,1485.11,0,16336.21,8945.45,7390.76,Card,Completed
ORD-11323,2025-09-27,CUST-1154,East,Furniture,Shelf,3,29165.66,20,69997.58,65178.42,4819.16,Bank Transfer,Completed
ORD-11324,2025-04-19,CUST-1082,East,Electronics,Keyboard,1,53632.84,10,48269.56,40479.79,7789.77,Card,Returned
ORD-11325,2025-06-30,CUST-1077,South,Clothing,Cap,9,10785.86,0,97072.74,50718.04,46354.7,Digital Wallet,Returned
ORD-11326,2025-12-04,CUST-1152,Central,Clothing,Jacket,7,14306.17,5,95136.03,80699.32,14436.71,Card,Completed
ORD-11327,2025-11-15,CUST-1112,North,Sports,Football,7,22969.94,10,144710.62,104699.76,40010.86,Bank Transfer,Completed
ORD-11328,2025-10-31,CUST-1199,West,Furniture,Cabinet,4,87789.44,5,333599.87,186143.69,147456.18,Card,Completed
ORD-11329,2025-02-14,CUST-1033,Central,Furniture,Cabinet,11,75073.54,20,660647.15,552231.19,108415.97,Card,Completed
ORD-11330,2025-03-25,CUST-1251,South,Electronics,Tablet,6,11457.34,0,68744.04,40603.01,28141.03,Card,Completed
ORD-11331,2025-12-08,CUST-1085,Central,Electronics,Monitor,7,36182.12,0,253274.84,157543.26,95731.58,Cash,Returned
ORD-11332,2025-12-24,CUST-1261,East,Electronics,Monitor,1,161024.63,15,136870.94,87916.62,48954.31,Card,Completed
ORD-11333,2025-09-10,CUST-1090,South,Electronics,Keyboard,2,8585.28,10,15453.5,9867.52,5585.98,Cash,Completed
ORD-11334,2025-03-04,CUST-1046,South,Sports,Helmet,10,17836.19,20,142689.52,145598.94,-2909.42,Bank Transfer,Completed
ORD-11335,2025-10-29,CUST-1146,North,Electronics,Keyboard,9,79685.08,15,609590.86,502350.37,107240.49,Bank Transfer,Completed
ORD-11336,2025-03-15,CUST-1097,North,Electronics,Keyboard,5,128901.98,10,580058.91,364078.19,215980.72,Bank Transfer,Completed
ORD-11337,2025-08-09,CUST-1279,South,Clothing,Cap,10,3651.57,5,34689.92,21895.28,12794.64,Card,Completed
ORD-11338,2025-05-31,CUST-1095,East,Furniture,Desk,7,32166.0,0,225162.0,184214.49,40947.51,Card,Completed
ORD-11339,2025-07-03,CUST-1078,East,Clothing,Shirt,3,1190.6,5,3393.21,2057.91,1335.3,Cash,Completed
ORD-11340,2025-06-26,CUST-1082,South,Sports,Helmet,5,5198.76,5,24694.11,20756.77,3937.34,Cash,Completed
ORD-11341,2025-10-01,CUST-1062,North,Furniture,Shelf,11,73230.48,0,805535.28,653640.02,151895.26,Cash,Completed
ORD-11342,2025-06-01,CUST-1183,West,Clothing,Shoes,3,8569.58,15,21852.43,13838.67,8013.76,Card,Completed
ORD-11343,2025-02-21,CUST-1328,West,Books,Math Book,7,978.4,0,6848.8,4794.46,2054.34,Cash,Cancelled
ORD-11344,2025-02-24,CUST-1091,Central,Sports,Football,7,21201.7,15,126150.11,119954.84,6195.28,Digital Wallet,Completed
ORD-11345,2025-07-13,CUST-1065,South,Books,History Book,2,4758.24,10,8564.83,5786.96,2777.87,Bank Transfer,Completed
ORD-11346,2025-12-25,CUST-1070,Central,Clothing,Jacket,9,4984.15,20,35885.88,31554.05,4331.83,Card,Completed
ORD-11347,2025-04-09,CUST-1083,South,Clothing,Jeans,2,12284.32,20,19654.91,19182.82,472.09,Digital Wallet,Returned
ORD-11348,2025-04-01,CUST-1077,East,Sports,Bat,8,20569.52,0,164556.16,133706.17,30849.99,Bank Transfer,Cancelled
ORD-11349,2025-10-24,CUST-1111,North,Electronics,Monitor,11,64624.39,10,639781.46,519574.94,120206.52,Cash,Completed
ORD-11350,2025-10-14,CUST-1100,West,Furniture,Chair,5,17956.35,0,89781.75,49121.91,40659.84,Digital Wallet,Completed
ORD-11351,2025-03-30,CUST-1156,West,Furniture,Shelf,8,18120.33,10,130466.38,112505.52,17960.86,Bank Transfer,Cancelled
ORD-11352,2025-09-24,CUST-1027,North,Clothing,Jeans,8,3597.99,0,28783.92,19904.48,8879.44,Bank Transfer,Returned
ORD-11353,2025-03-01,CUST-1158,Central,Clothing,Cap,11,4935.14,0,54286.54,36868.52,17418.02,Cash,Completed
ORD-11354,2025-07-20,CUST-1204,West,Sports,Gloves,11,21117.9,15,197452.37,184496.88,12955.49,Bank Transfer,Completed
ORD-11355,2025-05-14,CUST-1156,East,Furniture,Desk,12,89648.44,20,860625.02,580639.63,279985.4,Cash,Returned
ORD-11356,2025-01-04,CUST-1117,South,Furniture,Cabinet,11,16267.67,0,178944.37,127644.29,51300.08,Cash,Cancelled
ORD-11357,2025-09-16,CUST-1114,South,Books,Novel,10,1208.89,5,11484.46,6793.99,4690.47,Digital Wallet,Cancelled
ORD-11358,2025-06-13,CUST-1131,South,Furniture,Cabinet,8,50574.72,0,404597.76,264754.02,139843.74,Cash,Completed
ORD-11359,2025-12-27,CUST-1330,West,Sports,Helmet,12,19330.29,0,231963.48,164383.61,67579.87,Bank Transfer,Completed
ORD-11360,2025-05-12,CUST-1215,Central,Sports,Gloves,5,10539.7,5,50063.57,28104.07,21959.5,Cash,Cancelled
ORD-11361,2025-07-11,CUST-1049,West,Clothing,Jacket,5,9896.98,15,42062.16,32522.73,9539.43,Digital Wallet,Completed
ORD-11362,2025-01-16,CUST-1052,East,Sports,Gloves,12,22931.18,10,247656.74,178457.38,69199.36,Bank Transfer,Completed
ORD-11363,2025-10-28,CUST-1326,North,Electronics,Monitor,12,147361.31,0,1768335.72,978007.7,790328.02,Card,Returned
ORD-11364,2025-04-03,CUST-1277,West,Electronics,Tablet,6,64820.94,0,388925.64,304328.4,84597.24,Cash,Returned
ORD-11365,2025-06-16,CUST-1132,Central,Clothing,Shoes,3,1714.03,5,4884.99,2872.62,2012.36,Bank Transfer,Completed
ORD-11366,2025-03-23,CUST-1136,South,Sports,Gloves,1,10202.35,20,8161.88,7766.38,395.5,Digital Wallet,Completed
ORD-11367,2025-06-29,CUST-1115,Central,Electronics,Mouse,4,179480.04,,574336.13,549277.41,25058.71,Digital Wallet,Completed
ORD-11368,2025-03-04,CUST-1333,North,Books,Math Book,1,3712.85,15,3155.92,2825.9,330.03,Cash,Completed
ORD-11369,2025-04-01,CUST-1261,Central,Electronics,Tablet,4,,0,370181.56,218508.43,151673.13,Digital Wallet,Returned
ORD-11370,2025-04-07,CUST-1316,South,Books,Python Book,10,661.3,0,6613.0,4859.86,1753.14,Digital Wallet,Completed
ORD-11371,2025-03-26,CUST-1075,Central,Electronics,Monitor,2,53149.34,20,85038.94,64440.43,20598.51,Digital Wallet,Completed
ORD-11372,2025-04-07,CUST-1325,North,Electronics,Keyboard,2,83778.12,0,167556.24,110183.81,57372.43,Bank Transfer,Completed
ORD-11373,2025-02-03,CUST-1140,East,Electronics,Tablet,12,49575.36,20,475923.46,455781.82,20141.63,Digital Wallet,Completed
ORD-11374,2025-09-18,CUST-1177,North,Sports,Gloves,12,24880.04,5,283632.46,200518.23,83114.22,Card,Cancelled
ORD-11375,2025-12-08,CUST-1057,East,Clothing,Jeans,6,14533.18,15,74119.22,51433.44,22685.77,Cash,Cancelled
ORD-11376,2025-12-13,CUST-1170,East,Books,History Book,5,5052.4,20,20209.6,13567.28,6642.32,Bank Transfer,Completed
ORD-11377,2025-03-29,CUST-1001,West,Electronics,Monitor,1,85168.11,20,68134.49,64138.04,3996.45,Card,Cancelled
ORD-11378,2025-05-03,CUST-1173,South,Clothing,Jeans,4,3805.38,15,12938.29,8090.96,4847.33,Digital Wallet,Returned
ORD-11379,2025-10-12,CUST-1055,South,Clothing,Jacket,10,10360.24,0,103602.4,82526.17,21076.23,Card,Completed
ORD-11380,2025-04-27,CUST-1332,North,Furniture,Sofa,11,36334.56,0,399680.16,274173.92,125506.24,Card,Completed
ORD-11381,2025-02-11,CUST-1273,North,Books,Python Book,1,4715.34,0,4715.34,3048.65,1666.69,Cash,Completed
ORD-11382,2025-06-24,CUST-1247,West,Electronics,Mouse,12,84016.58,5,957789.01,605736.05,352052.96,Cash,Completed
ORD-11383,2025-04-27,CUST-1155,,Furniture,Chair,9,16529.58,10,133889.6,98324.31,35565.29,Cash,Completed
ORD-11384,2025-08-08,CUST-1065,South,Clothing,Cap,2,8877.07,0,17754.14,14073.62,3680.52,Cash,Completed
ORD-11385,2025-02-22,CUST-1183,West,Electronics,Mouse,9,92691.75,0,834225.75,639382.06,194843.69,Bank Transfer,Completed
ORD-11386,2025-05-20,CUST-1209,East,Clothing,Shoes,6,10410.17,15,53091.87,47820.71,5271.16,Bank Transfer,Completed
ORD-11387,2025-07-28,CUST-1037,West,Sports,Racket,8,22944.73,0,183557.84,100595.98,82961.86,Digital Wallet,Completed
ORD-11388,2025-08-04,CUST-1315,East,Clothing,Shoes,8,2984.12,10,21485.66,12504.04,8981.63,Digital Wallet,Completed
ORD-11389,2025-10-27,CUST-1322,South,Electronics,Monitor,5,112882.45,20,451529.8,346140.07,105389.73,Bank Transfer,Completed
ORD-11390,2025-11-23,CUST-1273,West,Clothing,Shoes,8,6084.32,5,46240.83,29044.03,17196.81,Cash,Completed
ORD-11391,2025-09-10,CUST-1239,West,Sports,Gloves,9,9643.59,0,86792.31,69931.39,16860.92,Bank Transfer,Cancelled
ORD-11392,2025-06-07,CUST-1344,West,Furniture,Shelf,2,7887.28,0,15774.56,9765.22,6009.34,Digital Wallet,Cancelled
ORD-11393,2025-06-17,CUST-1035,North,Clothing,Shoes,2,8603.03,15,14625.15,11627.74,2997.41,Cash,Completed
ORD-11394,2025-06-19,CUST-1303,,Furniture,Sofa,8,43352.78,0,346822.24,259657.05,87165.19,Cash,Completed
ORD-11395,2025-10-23,CUST-1308,North,Sports,Football,11,24981.23,0,274793.53,186805.59,87987.94,Card,Returned
ORD-11396,2025-05-07,CUST-1062,East,Clothing,Cap,9,3594.11,10,29112.29,23523.7,5588.59,Cash,Returned
ORD-11397,2025-11-11,CUST-1335,North,Sports,Gloves,8,6635.01,5,50426.08,31189.16,19236.91,Bank Transfer,Completed
ORD-11398,2025-11-17,CUST-1075,West,Clothing,Jeans,1,2699.43,5,2564.46,1858.43,706.02,Card,Completed
ORD-11399,2025-05-07,CUST-1150,West,Electronics,Laptop,8,158972.3,5,1208189.48,1026995.28,181194.2,Bank Transfer,Completed
ORD-11400,2025-07-21,CUST-1297,East,Clothing,Shoes,12,7809.41,5,89027.27,69294.63,19732.64,Cash,Completed
ORD-11401,2025-10-13,CUST-1038,West,Electronics,Laptop,8,171432.52,5,1302887.15,987682.65,315204.5,Card,Completed
ORD-11402,2025-07-06,CUST-1228,Central,Electronics,Monitor,4,3898.4,15,13254.56,10814.92,2439.64,Cash,Completed
ORD-11403,2025-04-11,CUST-1219,East,Clothing,Shoes,6,3249.17,0,19495.02,13731.58,5763.44,Bank Transfer,Completed
ORD-11404,2025-08-26,CUST-1331,Central,Electronics,Monitor,2,35263.36,15,59947.71,53281.39,6666.32,Card,Completed
ORD-11405,2025-09-05,CUST-1347,West,Sports,Racket,4,13212.82,15,44923.59,38432.11,6491.48,Bank Transfer,Cancelled
ORD-11406,2025-10-19,CUST-1138,South,Electronics,Keyboard,9,,5,974739.59,744781.81,229957.78,Digital Wallet,Completed
ORD-11407,2025-05-09,CUST-1153,South,Sports,Gloves,9,10345.17,0,93106.53,48630.34,44476.19,Bank Transfer,Returned
ORD-11408,2025-08-06,CUST-1053,East,Electronics,Tablet,7,103628.53,10,652859.74,544096.82,108762.92,Card,Completed
ORD-11409,2025-08-23,CUST-1219,South,Clothing,Shoes,1,5947.78,10,5353.0,4044.23,1308.78,Digital Wallet,Cancelled
ORD-11410,2025-06-15,CUST-1279,South,Electronics,Laptop,7,151878.48,5,1009991.89,692289.17,317702.72,Cash,Completed
ORD-11411,2025-05-23,CUST-1276,Central,Clothing,Jeans,1,2924.97,5,2778.72,2279.23,499.49,Bank Transfer,Returned
ORD-11412,2025-07-08,CUST-1264,,Books,Novel,4,3077.59,5,11694.84,6540.33,5154.51,Digital Wallet,Returned
ORD-11413,2025-05-16,CUST-1099,Central,Books,Python Book,5,2446.62,0,12233.1,6785.72,5447.38,Digital Wallet,Completed
ORD-11414,2025-10-23,CUST-1192,East,Books,Math Book,5,4166.49,10,18749.2,12848.91,5900.29,Bank Transfer,Completed
ORD-11415,2025-11-16,CUST-1237,Central,Books,Novel,7,4828.01,5,32106.27,22048.41,10057.86,Card,Completed
ORD-11416,2025-07-10,CUST-1277,North,Electronics,Monitor,2,144660.82,5,274855.56,219703.37,55152.19,Digital Wallet,Completed
ORD-11417,2025-05-05,CUST-1172,North,Furniture,Shelf,1,54412.81,0,54412.81,34071.2,20341.61,Digital Wallet,Completed
ORD-11418,2025-05-03,CUST-1059,West,Furniture,Cabinet,12,77447.53,0,929370.36,689082.42,240287.94,Cash,Completed
ORD-11419,2025-06-19,CUST-1104,North,Sports,Racket,3,21680.54,20,52033.3,42615.18,9418.11,Card,Completed
ORD-11420,2025-12-24,CUST-1027,North,Clothing,Jacket,4,10254.27,10,36915.37,31465.28,5450.1,Cash,Completed
ORD-11421,2025-04-12,CUST-1322,North,Sports,Helmet,11,6288.97,0,69178.67,41554.16,27624.51,Cash,Returned
ORD-11422,2025-03-10,CUST-1295,Central,Books,Novel,8,2320.77,5,17637.85,14553.46,3084.39,Digital Wallet,Completed
ORD-11423,2025-03-09,CUST-1085,South,Sports,Gloves,10,4054.52,20,32436.16,30022.32,2413.84,Cash,Completed
ORD-11424,2025-01-12,CUST-1345,Central,Books,Python Book,6,4428.04,15,22583.0,15767.93,6815.08,Digital Wallet,Completed
ORD-11425,2025-08-06,CUST-1318,West,Clothing,Shoes,7,9213.1,0,64491.7,44254.81,20236.89,Card,Completed
ORD-11426,2025-08-21,CUST-1239,North,Sports,Racket,5,22883.02,0,114415.1,66448.77,47966.33,Card,Completed
ORD-11427,2025-12-01,CUST-1264,South,Clothing,Jeans,8,12412.67,0,99301.36,76387.86,22913.5,Digital Wallet,Completed
ORD-11428,2025-12-19,CUST-1170,South,Furniture,Chair,3,8682.39,5,24744.81,17675.75,7069.06,Cash,Cancelled
ORD-11429,2025-04-04,CUST-1314,East,Electronics,Laptop,3,121604.91,5,346573.99,212544.01,134029.99,Bank Transfer,Completed
ORD-11430,2025-04-22,CUST-1126,West,Clothing,Shirt,10,3603.54,10,32431.86,27438.97,4992.89,Card,Completed
ORD-11431,2025-03-31,CUST-1047,Central,Clothing,Jeans,5,9330.98,20,37323.92,33675.98,3647.94,Bank Transfer,Completed
ORD-11432,2025-10-15,CUST-1230,Central,Furniture,Chair,4,9946.67,5,37797.35,22096.53,15700.82,Cash,Returned
ORD-11433,2025-06-21,CUST-1342,South,Clothing,Shirt,1,11501.42,0,11501.42,7135.88,4365.54,Bank Transfer,Completed
ORD-11434,2025-05-01,CUST-1317,Central,Electronics,Monitor,3,119906.45,15,305761.45,230026.2,75735.25,Cash,Completed
ORD-11435,2025-11-30,CUST-1118,East,Furniture,Shelf,9,32294.5,10,261585.45,213466.28,48119.17,Bank Transfer,Completed
ORD-11436,2025-12-14,CUST-1205,North,Sports,Gloves,6,23773.03,15,121242.45,114127.97,7114.49,Bank Transfer,Completed
ORD-11437,2025-02-26,CUST-1215,West,Furniture,Cabinet,6,75269.62,5,429036.83,235430.84,193605.99,Bank Transfer,Cancelled
ORD-11438,2025-06-28,CUST-1173,Central,Sports,Football,10,5762.66,20,46101.28,43144.67,2956.61,Bank Transfer,Completed
ORD-11439,2025-04-11,CUST-1258,East,Electronics,Tablet,3,18636.81,15,47523.87,40012.29,7511.58,Cash,Returned
ORD-11440,2025-07-21,CUST-1088,Central,Clothing,Cap,9,14828.98,5,126787.78,94157.91,32629.87,Card,Cancelled
ORD-11441,2025-06-12,CUST-1143,South,Electronics,Tablet,6,45906.65,15,234123.92,210815.66,23308.25,Digital Wallet,Completed
ORD-11442,2025-06-15,CUST-1138,West,Clothing,Cap,1,12696.19,5,12061.38,9889.27,2172.11,Digital Wallet,Completed
ORD-11443,2025-08-13,CUST-1343,East,Clothing,Jacket,9,1481.23,15,11331.41,10289.54,1041.87,Digital Wallet,Completed
ORD-11444,2025-05-24,CUST-1148,West,Sports,Football,4,3785.87,5,14386.31,10918.06,3468.25,Card,Completed
ORD-11445,2025-07-04,CUST-1331,North,Furniture,Desk,2,82608.73,5,156956.59,103783.53,53173.05,Digital Wallet,Cancelled
ORD-11446,2025-08-31,CUST-1316,East,Clothing,Jacket,9,13665.94,0,122993.46,67302.0,55691.46,Card,Completed
ORD-11447,2025-06-11,CUST-1222,East,Sports,Racket,11,16256.16,5,169876.87,134356.66,35520.22,Bank Transfer,Completed
ORD-11448,2025-08-20,CUST-1090,North,Books,History Book,4,1252.18,20,4006.98,3868.61,138.37,Bank Transfer,Completed
ORD-11449,2025-06-04,CUST-1236,Central,Furniture,Cabinet,10,31055.12,0,310551.2,179783.17,130768.03,Bank Transfer,Returned
ORD-11450,2025-04-13,CUST-1144,East,Sports,Football,4,6857.65,0,27430.6,14280.49,13150.11,Bank Transfer,Completed
ORD-11451,2025-07-14,CUST-1263,West,Electronics,Monitor,8,155478.02,15,1057250.54,870597.16,186653.38,Bank Transfer,Completed
ORD-11452,2025-11-07,CUST-1297,Central,Electronics,Mouse,12,69549.45,5,792863.73,492380.51,300483.22,Card,Returned
ORD-11453,2025-11-25,CUST-1318,North,Electronics,Mouse,2,75917.21,15,129059.26,110166.21,18893.04,Card,Cancelled
ORD-11454,2025-01-07,CUST-1055,East,Clothing,Jacket,1,14269.61,0,14269.61,10878.62,3390.99,Cash,Cancelled
ORD-11455,2025-08-03,CUST-1059,West,Clothing,Jacket,9,3834.1,5,32781.56,23308.81,9472.74,Digital Wallet,Returned
ORD-11456,2025-05-02,CUST-1281,Central,Sports,Bat,10,11791.35,10,106122.15,83542.3,22579.85,Digital Wallet,Completed
ORD-11457,2025-12-24,CUST-1035,East,Clothing,Cap,9,3500.04,20,25200.29,24173.5,1026.79,Digital Wallet,Completed
ORD-11458,2025-02-17,CUST-1079,Central,Sports,Gloves,8,21584.98,20,138143.87,114133.97,24009.9,Bank Transfer,Completed
ORD-11459,2025-12-25,CUST-1038,Central,Clothing,Jacket,5,11975.04,20,47900.16,47164.68,735.48,Bank Transfer,Returned
ORD-11460,2025-01-28,CUST-1125,East,Furniture,Desk,10,17792.21,10,160129.89,116317.86,43812.03,Digital Wallet,Returned
ORD-11461,2025-09-18,CUST-1263,North,Sports,Racket,1,8805.58,15,7484.74,6152.27,1332.47,Bank Transfer,Completed
ORD-11462,2025-10-10,CUST-1303,North,Electronics,Mouse,12,115865.75,20,1112311.2,1036680.74,75630.46,Card,Cancelled
ORD-11463,2025-03-26,CUST-1277,East,Books,AI Book,4,3460.57,0,13842.28,8414.2,5428.08,Card,Completed
ORD-11464,2025-12-11,CUST-1266,West,Furniture,Chair,11,51696.08,0,568656.88,347719.58,220937.3,Digital Wallet,Returned
ORD-11465,2025-10-19,CUST-1199,South,Books,AI Book,7,2085.67,5,13869.71,9681.13,4188.57,Card,Returned
ORD-11466,2025-05-26,CUST-1058,Central,Furniture,Cabinet,8,53803.29,0,430426.32,265663.88,164762.44,Digital Wallet,Cancelled
ORD-11467,2025-05-06,CUST-1281,East,Clothing,Cap,5,3844.07,20,15376.28,13260.3,2115.98,Card,Completed
ORD-11468,2025-09-23,CUST-1327,Central,Electronics,Mouse,9,130500.37,5,1115778.16,714169.55,401608.62,Digital Wallet,Completed
ORD-11469,2025-06-20,CUST-1096,Central,Furniture,Sofa,11,28112.07,5,293771.13,217824.17,75946.96,Digital Wallet,Completed
ORD-11470,2025-08-23,CUST-1021,North,Books,History Book,11,4452.52,10,44079.95,29326.98,14752.97,Card,Completed
ORD-11471,2025-04-08,CUST-1213,West,Clothing,Jacket,9,6890.01,5,58909.59,46755.59,12154.0,Card,Completed
ORD-11472,2025-05-01,CUST-1223,Central,Sports,Bat,4,17338.86,0,69355.44,51712.91,17642.53,Cash,Completed
ORD-11473,2025-06-15,CUST-1118,East,Clothing,Jeans,4,12579.37,0,50317.48,30505.0,19812.48,Bank Transfer,Completed
ORD-11474,2025-12-23,CUST-1241,East,Electronics,Monitor,10,16360.81,10,147247.29,130622.54,16624.75,Card,Completed
ORD-11475,2025-05-04,CUST-1333,West,Sports,Gloves,4,10557.51,10,38007.04,22361.47,15645.57,Bank Transfer,Completed
ORD-11476,2025-08-11,CUST-1315,North,Furniture,Desk,12,71101.52,0,853218.24,588417.85,264800.39,Card,Completed
ORD-11477,2025-04-24,CUST-1294,North,Furniture,Cabinet,3,43430.24,20,104232.58,83224.74,21007.84,Digital Wallet,Cancelled
ORD-11478,2025-11-17,CUST-1201,West,Clothing,Cap,7,5954.03,20,33342.57,23696.51,9646.05,Digital Wallet,Cancelled
ORD-11479,2025-07-12,CUST-1207,South,Books,Novel,3,5729.89,10,15470.7,11078.68,4392.02,Bank Transfer,Completed
ORD-11480,2025-01-26,CUST-1213,East,Sports,Racket,1,16412.03,0,16412.03,11990.86,4421.17,Bank Transfer,Completed
ORD-11481,2025-08-16,CUST-1034,West,Clothing,Shirt,6,9604.19,5,54743.88,41249.92,13493.96,Digital Wallet,Completed
ORD-11482,2025-11-12,CUST-1332,Central,Electronics,Keyboard,10,101803.35,5,967131.82,719469.4,247662.43,Bank Transfer,Returned
ORD-11483,2025-09-05,CUST-1046,South,Sports,Gloves,8,22310.56,20,142787.58,99017.37,43770.22,Bank Transfer,Completed
ORD-11484,2025-04-18,CUST-1126,South,Electronics,Monitor,6,3205.57,20,15386.74,12220.02,3166.72,Card,Completed
ORD-11485,2025-05-13,CUST-1130,North,Electronics,Keyboard,1,158124.37,15,134405.71,114994.66,19411.06,Card,Completed
ORD-11486,2025-04-08,CUST-1026,East,Clothing,Jeans,2,5679.91,5,10791.83,7335.48,3456.35,Card,Completed
ORD-11487,2025-10-25,CUST-1034,North,Electronics,Tablet,9,13043.2,5,111519.36,94706.46,16812.9,Cash,Completed
ORD-11488,2025-12-15,CUST-1345,Central,Furniture,Shelf,8,11439.55,0,91516.4,67532.84,23983.56,Digital Wallet,Completed
ORD-11489,2025-06-24,CUST-1128,East,Books,AI Book,2,3105.24,20,4968.38,3771.45,1196.94,Digital Wallet,Completed
ORD-11490,2025-05-22,CUST-1020,North,Furniture,Cabinet,6,15587.07,0,93522.42,51906.91,41615.51,Card,Completed
ORD-11491,2025-08-23,CUST-1312,East,Books,Novel,1,1279.84,15,1087.86,768.87,318.99,Cash,Completed
ORD-11492,2025-04-30,CUST-1250,South,Furniture,Chair,4,77753.22,5,295462.24,237550.12,57912.12,Cash,Completed
ORD-11493,2025-02-17,CUST-1233,West,Furniture,Chair,3,13676.75,10,36927.22,33462.08,3465.14,Card,Completed
ORD-11494,2025-02-24,CUST-1236,East,Furniture,Shelf,2,27959.85,,53123.71,33997.33,19126.39,Card,Completed
ORD-11495,2025-02-07,CUST-1029,Central,Books,History Book,7,1289.52,0,9026.64,6585.46,2441.18,Card,Completed
ORD-11496,2025-07-31,CUST-1324,North,Books,History Book,11,5914.72,5,61808.82,38951.87,22856.95,Digital Wallet,Cancelled
ORD-11497,2025-10-14,CUST-1282,West,Books,Novel,6,5001.46,15,25507.45,16092.88,9414.57,Card,Returned
ORD-11498,2025-07-06,CUST-1316,North,Electronics,Monitor,7,105812.51,5,703653.19,421189.98,282463.21,Digital Wallet,Completed
ORD-11499,2025-05-26,CUST-1316,West,Books,History Book,7,2320.46,10,14618.9,10382.92,4235.98,Digital Wallet,Completed
ORD-11500,2025-03-13,CUST-1078,West,Books,History Book,5,,0,22025.75,16619.0,5406.75,Bank Transfer,Completed
ORD-10001,2025-12-02,CUST-1303,Central,Furniture,Cabinet,12,42939.47,0,515273.64,298965.42,216308.22,Digital Wallet,Returned
ORD-10002,2025-12-19,CUST-1205,North,Furniture,Cabinet,9,21141.34,0,190272.06,120064.2,70207.86,Card,Completed
ORD-10003,2025-06-08,CUST-1232,South,Electronics,Keyboard,11,81451.54,15,761571.9,727053.67,34518.23,Bank Transfer,Completed
ORD-10004,2025-10-31,CUST-1187,West,Furniture,Cabinet,3,75826.4,15,193357.32,180665.08,12692.24,Bank Transfer,Completed
ORD-10005,2025-12-24,CUST-1153,East,Furniture,Cabinet,9,35613.5,20,256417.2,180408.48,76008.72,Card,Returned
ORD-10006,2025-11-23,CUST-1040,East,Electronics,Keyboard,2,151207.17,0,302414.34,201556.69,100857.65,Card,Completed
ORD-10007,2025-01-05,CUST-1302,East,Electronics,Laptop,7,74641.82,20,417994.19,403193.06,14801.14,Bank Transfer,Completed
ORD-10008,2025-05-06,CUST-1181,South,Furniture,Desk,12,50215.51,15,512198.2,359707.32,152490.88,Digital Wallet,Returned
ORD-10009,2025-07-09,CUST-1013,East,Furniture,Shelf,9,45041.86,5,385107.9,220976.49,164131.41,Digital Wallet,Completed
ORD-10010,2025-08-19,CUST-1142,North,Electronics,Tablet,11,131401.4,5,1373144.63,1147875.79,225268.84,Card,Completed
ORD-10011,2025-10-27,CUST-1236,West,Electronics,Mouse,2,124799.02,0,249598.04,149555.89,100042.15,Card,Cancelled
ORD-10012,2025-08-19,CUST-1269,South,Electronics,Mouse,1,138723.6,0,138723.6,105139.3,33584.3,Card,Completed
ORD-10013,2025-01-27,CUST-1316,South,Books,History Book,2,3039.91,5,5775.83,3768.15,2007.67,Bank Transfer,Cancelled
ORD-10014,2025-12-16,CUST-1115,Central,Books,Novel,2,4891.63,20,7826.61,5673.1,2153.51,Bank Transfer,Cancelled
ORD-10015,2025-05-18,CUST-1305,North,Books,Novel,8,873.22,15,5937.9,5016.38,921.51,Digital Wallet,Returned
ORD-10016,2025-05-26,CUST-1184,South,Electronics,Laptop,5,116400.59,0,582002.95,374041.08,207961.87,Digital Wallet,Completed
ORD-10017,2025-01-03,CUST-1205,Central,Sports,Racket,11,11294.94,0,124244.34,99495.2,24749.14,Cash,Cancelled
ORD-10018,2025-01-29,CUST-1182,Central,Sports,Racket,8,22148.73,5,168330.35,125890.08,42440.27,Bank Transfer,Cancelled
ORD-10019,2025-08-27,CUST-1050,South,Books,Python Book,12,5418.43,0,65021.16,35626.85,29394.31,Bank Transfer,Completed
ORD-10020,2025-12-17,CUST-1195,West,Electronics,Laptop,11,145895.64,20,1283881.63,1063220.45,220661.18,Bank Transfer,Cancelled
